Article_Number,Spatial_Scale,Primary_Enviro_Variable,Secondary_Enviro_Variable,Primary_Management_Type,Secondary_Management_Type,Third_Management_Type,Primary_Farm_Type,Secondary_Farm_Type,Primary_Farm_Specific,Secondary_Farm_Specific,Continent,Country,Climate,Biome,Lat,Long,Primary_Habitat,Secondary_Habitat,Primary_Taxon,Secondary_Taxon,Third_Taxon,Primary_Ecosystem_Service,Secondary_Ecosystem_Service,Primary_Method,Secondary_Method,Third_Method,Primary_Result,Secondary_Result,Third_Result,Fourth_Result,Functional_Groups,Primary_Functional,Secondary_Functional,Third_Functional,Notes
1,Both,Proportion_Farming,Proportion_Habitat,Unspecified,NA,NA,Orchid,NA,Olive_Grove,NA,Europe,Spain,Mediterrane,Mediterrane,NA,NA,Mediterranean_scrubland,NA,Diptera,NA,NA,Pollination,Natural_Enemies,Sticky_Traps,NA,NA,Abundance,Richness,Composition,NA,No,NA,NA,NA,
2,No_Enviro_Variable,NA,NA,Intensity_Gradient,NA,NA,Agroforestry,Cropping,Various_Palm_Plantations,Rice,Asia,India,Tropical_Subtropical,Tropical_Subtropical_Forest,11.25,76.283333,Evergreen_Forest,Moist_Deciduous_Forest,Endogeic_Community,NA,NA,Decomp_Soil_Properties,NA,Soil_Monoliths,NA,NA,Abundance,Richness,NA,NA,No,NA,NA,NA,
3,Site,Soil_Properties,NA,Unspecified,NA,NA,Agroforestry,NA,Eucalyptus_Plantation,Acacia_Plantation,South_America,Brazil,Tropical_Subtropical,Tropical_Subtropical_Forest,-23.033611,-49.625,NA,NA,Endogeic_Community,NA,NA,Decomp_Soil_Properties,NA,Soil_Monoliths,Leaf_Litter_Sample,NA,Density,Diversity,Richness,NA,No,NA,NA,NA,
4,Landscape,Distance_To_Habitat,NA,Unspecified,NA,NA,Agroforestry,NA,Oil_Palm_Plantation,NA,Asia,Indonesia,Tropical_Subtropical,Tropical_Subtropical_Forest,NA,NA,Lowland_Dipterocarp_Forest,NA,Flying_Community,Coleoptera,NA,Pollination,NA,Sticky_Traps,NA,NA,Abundance,NA,NA,NA,No,NA,NA,NA,
5,Both,Proportion_Habitat,NA,Conventional,AgEnviroScheme,NA,Unspecified,NA,Unspecified,NA,Europe,Ireland,Temperate,Temperate_Forest,NA,NA,Grassland,NA,Flying_Community,NA,NA,Biodiversity_Ecosystem_Resilience,NA,Flight_interception_traps,NA,NA,Abundance,Diversity,NA,NA,Yes,Trophic_Group,NA,NA,
6,Site,Proportion_Veg,Proportion_Bare_Ground,Unspecified,NA,NA,Cropping,Livestock,Cereal,Cattle_Grazing,Oceania,Australia,Temperate,Temperate_Forest,NA,NA,Woodland,Grassland,Formicidae,NA,NA,Bio_Indicators,NA,Pitfall_trap,NA,NA,Abundance,Richness,NA,NA,Yes,Trophic_Group,NA,NA,
7,Site,Veg_Species,NA,Conventional,AgEnviroScheme,NA,Cropping,Livestock,Cattle_Grazing,Silage,Europe,Ireland,Temperate,Temperate_Forest,NA,NA,Grassland,NA,Surface_Active,NA,NA,Bio_Indicators,NA,Pitfall_trap,NA,NA,Abundance,Richness,NA,NA,No,NA,NA,NA,
8,Site,Veg_Species_Rich,Proportion_Flowers,Organic,Conventional,NA,Cropping,NA,Wheat,NA,Europe,Germany,Temperate,Temperate_Forest,NA,NA,NA,NA,Hymenoptera,NA,NA,Pollination,NA,Visual,Sweep_Netting,NA,Abundance,Richness,NA,NA,No,NA,NA,NA,
9,Site,Veg_Species,NA,Unspecified,NA,NA,Unspecified,NA,Unspecified,NA,Europe,Belgium,Temperate,Temperate_Forest,50.6,4.566667,NA,NA,Hymenoptera,NA,NA,Pollination,NA,Visual,NA,NA,Density,Insect_Flower_Interactions,NA,NA,No,NA,NA,NA,
10,Site,Veg_Species_Rich,Proportion_Veg,Conventional,Agroecological,NA,Cropping,NA,Various_Crops,NA,South_America,Argentina,Temperate,Temperate_Grasslands,31.833333,64.333333,NA,NA,Plant_Dwelling,NA,NA,Biological_Control,NA,Beat_Sheet,NA,NA,Abundance,Richness,Diversity,NA,Yes,Trophic_Group,NA,NA,
11,No_Enviro_Variable,NA,NA,Unspecified,NA,NA,Agroforestry,NA,Oil_Palm_Plantation,NA,Asia,Malaysia,Tropical_Subtropical,Tropical_Subtropical_Forest,2.783611,102.922778,NA,NA,Surface_Active,NA,NA,Biodiversity_Ecosystem_Resilience,NA,Pitfall_trap,NA,NA,Abundance,Composition,NA,NA,Yes,Trophic_Group,NA,NA,
12,Site,Proportion_Veg,Veg_Species_Rich,Unspecified,NA,NA,Orchid,NA,Almond_Orchid,NA,Oceania,Australia,Temperate,Temperate_Grasslands,-34,142,Mallee_Woodland,NA,Hymenoptera,Diptera,NA,Pollination,NA,Pan_trap,NA,NA,Abundance,Richness,Composition,NA,No,NA,NA,NA,
13,Site,Inflorescence,NA,Conventional,AgEnviroScheme,NA,Cropping,NA,Wheat,NA,Europe,France,Temperate,Temperate_Forest,46.483333,-0.966667,NA,NA,Coleoptera,Hymenoptera,Lepidoptera,Pollination,Natural_Enemies,Pitfall_trap,Visual,NA,Abundance,NA,NA,NA,No,NA,NA,NA,
14,Site,Distance_To_Flowers,NA,Unspecified,NA,NA,Veg_Fruit_Ground,NA,Faba_Bean,NA,Europe,Sweden,Boreal,Boreal,NA,NA,NA,NA,Flying_Community,Surface_Active,NA,Pollination,Biological_Control,Visual,Pitfall_trap,NA,Density,Diversity,Behaviour_Activity,NA,No,NA,NA,NA,
15,No_Enviro_Variable,NA,NA,Unspecified,NA,NA,Cropping,NA,Maize,Switchgrass,North_America,USA,Temperate,Temperate_Forest,42.405,-85.400556,Prairie,Forest,Formicidae,NA,NA,Bio_Indicators,NA,Pitfall_trap,NA,NA,Richness,Diversity,Composition,NA,No,NA,NA,NA,
16,No_Enviro_Variable,NA,NA,Organic,Conventional,NA,Cropping,NA,Wheat,NA,North_America,USA,Temperate,Temperate_Forest,42.405,-85.400556,NA,NA,Formicidae,NA,NA,Bio_Indicators,NA,Pitfall_trap,NA,NA,Composition,Richness,Behaviour_Activity,NA,No,NA,NA,NA,
17,No_Enviro_Variable,NA,NA,Intensity_Gradient,NA,NA,Cropping,NA,Various_Annual_Crops,Various_Perennial_Crops,Europe,Croatia,Temperate,Temperate_Forest,45.816667,15.983333,Forest,Meadow,Formicidae,NA,NA,Decomp_Soil_Properties,NA,Pitfall_trap,NA,NA,Richness,Abundance,Diversity,NA,No,NA,NA,NA,
18,Landscape,Proportion_Habitat,NA,Intensity_Gradient,NA,NA,Orchid,NA,Acai_Fruit,NA,South_America,Brazil,Tropical_Subtropical,Tropical_Subtropical_Forest,-1.45,-48.5,Floodplain_Forest,NA,Hymenoptera,Formicidae,Coleoptera,Pollination,NA,Visual,NA,NA,Abundance,Insect_Flower_Interactions,NA,NA,Yes,Specialised_Or_Not,NA,NA,
19,Landscape,Landscape_Complexity,NA,Organic,NA,NA,Veg_Fruit_Ground,NA,Various_Veg,NA,South_America,Brazil,Tropical_Subtropical,Tropical_Subtropical_Grasslands,NA,NA,NA,NA,Formicidae,NA,NA,Natural_Enemies,NA,Sentinel_Artificial_Prey,Pitfall_trap,NA,Predation_Rate,Richness,Occurrence,NA,No,NA,NA,NA,
20,Site,Proportion_Habitat,NA,Unspecified,NA,NA,Cropping,NA,Various_Crops,NA,Europe,Spain,Mediterrane,Mediterrane,36.733333,-2.733333,NA,NA,Aphididae,Plant_Dwelling,NA,Biological_Control,NA,Sticky_Traps,Suction,NA,Composition,Abundance,NA,NA,No,NA,NA,NA,
21,Landscape,Landscape_Complexity,NA,Organic,NA,NA,Cropping,NA,Cereal,NA,Europe,Sweden,Boreal,Boreal,NA,NA,NA,NA,Parasitoid,Plant_Dwelling,Surface_Active,Biological_Control,NA,Live_Capture,Pitfall_trap,NA,Abundance,Richness,Parasitism,NA,Yes,Trophic_Group,NA,NA,
22,Site,Distance_To_Habitat,NA,Unspecified,NA,NA,Agroforestry,NA,Oil_Palm_Plantation,NA,Asia,Malaysia,Tropical_Subtropical,Tropical_Subtropical_Forest,117.083333,-4.1,Riparian,River,Formicidae,Coleoptera,NA,Decomp_Soil_Properties,NA,Baited_Pitfall,NA,NA,Richness,Diversity,Abundance,NA,No,NA,NA,NA,
23,Site,Distance_To_Habitat,Proportion_Habitat,Unspecified,NA,NA,Cropping,NA,Soybean,NA,South_America,Argentina,Tropical_Subtropical,Tropical_Subtropical_Grasslands,-31.166667,-64,Forest,NA,Plant_Dwelling,NA,NA,Biological_Control,NA,Beat_Sheet,Sentinel_Artificial_Prey,NA,Abundance,Richness,Predation_Rate,NA,Yes,Trophic_Group,NA,NA,
24,No_Enviro_Variable,NA,NA,Unspecified,NA,NA,Veg_Fruit_Ground,NA,Various_Veg,NA,Africa,Ghana,Tropical_Subtropical,Tropical_Subtropical_Grasslands,9.423,-0.835,Grassland,Forest,Surface_Active,Flying_Community,NA,Biodiversity_Ecosystem_Resilience,NA,Pitfall_trap,Pan_Trap,NA,Abundance,Richness,Diversity,Composition,Yes,Trophic_Group,NA,NA,
25,No_Enviro_Variable,NA,NA,Unspecified,NA,NA,Cropping,NA,Flowering_Fields,Wheat,Europe,Germany,Temperate,Temperate_Forest,NA,NA,Forest,NA,Surface_Active,Flying_Community,NA,Pollination,Natural_Enemies,Pitfall_trap,Pan_Trap,NA,Richness,Density,Behaviour_Activity,Composition,No,NA,NA,NA,
26,Both,Distance_To_Habitat,NA,Intensively_Managed,NA,NA,Veg_Fruit_Ground,NA,Various_Veg,NA,Europe,Netherlands,Temperate,Temperate_Forest,NA,NA,NA,NA,Hymenoptera,Diptera,NA,Pollination,NA,Visual,NA,NA,Density,Abundance,NA,NA,No,NA,NA,NA,
27,Site,Flower_Species_Rich,NA,Organic,NA,NA,Veg_Fruit_Ground,NA,Tomato,NA,Europe,Italy,Mediterrane,Mediterrane,43.666667,10.316667,NA,NA,Surface_Active,Flying_Community,NA,Pollination,Biological_Control,Visual,Pitfall_trap,NA,Abundance,Composition,NA,NA,Yes,Ecosystem_Service,NA,NA,
28,Site,Flower_Species_Rich,NA,Unspecified,NA,NA,Veg_Fruit_Ground,NA,Bean,NA,Africa,Tanzania,Tropical_Subtropical,Tropical_Subtropical_Grasslands,NA,NA,Woodland,Wetland,Hymenoptera,Coleoptera,Arachnida,Biodiversity_Ecosystem_Resilience,NA,Pan_trap,Visual,NA,Abundance,Insect_Flower_Interactions,Richness,NA,Yes,Ecosystem_Service,NA,NA,
29,No_Enviro_Variable,NA,NA,Organic,Conventional,Agroecological,Veg_Fruit_Ground,NA,Tomato,NA,South_America,Brazil,Tropical_Subtropical,Tropical_Subtropical_Grasslands,NA,NA,NA,NA,Hemiptera,Plant_Dwelling,NA,Biological_Control,NA,Sticky_Traps,NA,NA,Richness,Diversity,Abundance,Survival,No,NA,NA,NA,
30,Site,Wooded_Landscape_Features,NA,Unspecified,NA,NA,Livestock,Cropping,Cereal,Various_Grazing,Oceania,Australia,Temperate,Temperate_Forest,NA,NA,Woodland,Eucalypt,Hymenoptera,Diptera,NA,Pollination,NA,Vane_Trap,NA,NA,Richness,Diversity,NA,NA,No,NA,NA,NA,
31,No_Enviro_Variable,NA,NA,Unspecified,NA,NA,Cropping,NA,Cereal,Forage_Crops,Europe,UK,Temperate,Temperate_Forest,NA,NA,Woodland,Grassland,Hymenoptera,NA,NA,Pollination,NA,Live_Capture,NA,NA,Genetics,Nest_Density,NA,NA,No,NA,NA,NA,
32,Site,Distance_To_Habitat,NA,Intensively_Managed,NA,NA,Cropping,NA,Cereal,NA,Europe,Germany,Temperate,Temperate_Forest,51.532717,9.935154,Grassland,NA,Hymenoptera,Diptera,NA,Pollination,NA,Visual,NA,NA,Insect_Flower_Interactions,NA,NA,NA,No,NA,NA,NA,
33,Landscape,Proportion_Habitat,NA,Unspecified,NA,NA,Cropping,NA,Oilseed_Rape_Fields,NA,Asia,China,Tropical_Subtropical,Tropical_Subtropical_Forest,NA,NA,Forest,Grassland,Hymenoptera,NA,NA,Pollination,NA,Pan_trap,NA,NA,Abundance,Diversity,NA,NA,No,NA,NA,NA,
34,No_Enviro_Variable,NA,NA,Unspecified,NA,NA,Livestock,NA,Dairy,NA,Oceania,New_Zealand,Temperate,Temperate_Grasslands,-43.633333,172.433333,Forest,Riparian,Flying_Community,Arachnida,Gastropoda,Various,NA,Pan_trap,Pitfall_trap,NA,Composition,Abundance,NA,NA,No,NA,NA,NA,"ES included = Biological control, Pollinations and bioindicators "
35,Landscape,Landscape_Complexity,NA,Unspecified,NA,NA,Cropping,NA,Wheat,NA,Asia,China,Temperate,Temperate_Forest,NA,NA,Forest,NA,Coleoptera,Aphididae,NA,Biological_Control,NA,Visual,NA,NA,Abundance,NA,NA,NA,No,NA,NA,NA,
36,No_Enviro_Variable,NA,NA,Intensity_Gradient,NA,NA,Orchid,NA,Mango,NA,Africa,Côte_d’Ivoire,Tropical_Subtropical,Tropical_Subtropical_Grasslands,9.566667,-5.616667,Savannah,NA,Isoptera,NA,NA,Ecosystem_Engineer,NA,Live_Capture,NA,NA,Richness,Diversity,NA,NA,Yes,Trophic_Group,NA,NA,
37,Landscape,Landscape_Complexity,NA,Unspecified,NA,NA,Cropping,NA,Maize,NA,Europe,Spain,Mediterrane,Mediterrane,41.803389,0.546047,Forest,NA,Plant_Dwelling,Flying_Community,NA,Biological_Control,NA,Sticky_Traps,NA,NA,Abundance,NA,NA,NA,Yes,Trophic_Group,NA,NA,
38,Site,Soil_Properties,Proportion_Veg,Unspecified,NA,NA,Livestock,Cropping,Cattle_Grazing,Maize,Africa,South_Africa,Tropical_Subtropical,Tropical_Subtropical_Grasslands,-23.15,30.39,Savannah,NA,Formicidae,NA,NA,Ecosystem_Engineer,NA,Pitfall_trap,NA,NA,Richness,Composition,Abundance,Occurrence,Yes,Trophic_Group,NA,NA,
39,Landscape,Proportion_Habitat,Flower_Avalibility,Unspecified,NA,NA,Cropping,NA,Wheat,Bean,Europe,Switzerland,Temperate,Temperate_Forest,NA,NA,Forest,Grassland,Aphididae,Plant_Dwelling,NA,Biological_Control,NA,Visual,NA,NA,Density,Population_Change,NA,NA,No,NA,NA,NA,
40,No_Enviro_Variable,NA,NA,Organic,Conventional,NA,Veg_Fruit_Ground,NA,Strawberry,NA,South_America,Brazil,Tropical_Subtropical,Tropical_Subtropical_Forest,NA,NA,Forest,NA,Endogeic_Community,NA,NA,Decomp_Soil_Properties,NA,Soil_Monoliths,NA,NA,Richness,Diversity,Composition,Abundance,No,NA,NA,NA,
41,Landscape,Landscape_Complexity,Edge_Density,Climate_Smart,NA,NA,Various,NA,Dairy,Various_Crops,Africa,Tanzania,Tropical_Subtropical,Tropical_Subtropical_Grasslands,NA,NA,Forest,NA,Surface_Active,Flying_Community,Plant_Dwelling,Biological_Control,NA,Pitfall_trap,Pan_Trap,Sticky_Traps,Abundance,Diversity,NA,NA,Yes,Trophic_Group,NA,NA,
42,No_Enviro_Variable,NA,NA,Unspecified,NA,NA,Agroforestry,NA,Cocao,NA,Asia,Indonesia,Tropical_Subtropical,Tropical_Subtropical_Forest,NA,NA,NA,NA,Lepidoptera,Formicidae,Arachnida,Biodiversity_Ecosystem_Resilience,NA,Baited_Pitfall,Na,NA,Richness,NA,NA,NA,No,NA,NA,NA,
43,No_Enviro_Variable,NA,NA,Unspecified,NA,NA,Agroforestry,NA,Spruce_Plantation,NA,Europe,Ireland,Temperate,Temperate_Forest,NA,NA,Forest,NA,Flying_Community,Arachnida,Coleoptera,Biodiversity_Ecosystem_Resilience,NA,Thermal_Fogging,NA,NA,Composition,Richness,Abundance,NA,Yes,Trophic_Group,Habitat_Preference,Hunting_Style,
44,No_Enviro_Variable,NA,NA,Organic,IFPMD,IFP,Orchid,NA,Apple,NA,Oceania,New_Zealand,Temperate,Temperate_Forest,-39.533333,176.833333,NA,NA,Surface_Active,Flying_Community,Plant_Dwelling,Biodiversity_Ecosystem_Resilience,NA,Pitfall_trap,Sticky_Traps,Branch_Tapping,Composition,Abundance,Richness,Diversity,Yes,Trophic_Group,NA,NA,
45,Both,Proportion_Habitat,Proportion_Flowers,Intensively_Managed,NA,NA,Cropping,NA,Various_Crops,NA,Europe,Switzerland,Temperate,Temperate_Forest,NA,NA,Forest,NA,Plant_Dwelling,Flying_Community,NA,Biodiversity_Ecosystem_Resilience,NA,Sweep_Netting,NA,NA,Abundance,Richness,Diversity,NA,Yes,Ecosystem_Service,NA,NA,
46,Landscape,Proportion_Habitat,NA,Conventional,NA,NA,Cropping,NA,Oilseed_Rape_Fields,NA,Europe,Germany,Temperate,Temperate_Forest,NA,NA,Forest,Grassland,Coleoptera,Arachnida,Parasitoid,Biological_Control,NA,Photoeclector_Trap,Visual,Pitfall_trap,Density,Parasitism,NA,NA,No,NA,NA,NA,
47,No_Enviro_Variable,NA,NA,Intensively_Managed,NA,NA,Orchid,Veg_Fruit_Ground,Apple,Berries,North_America,Canada,Temperate,Temperate_Forest,NA,NA,Moist_Deciduous_Forest,NA,Hymenoptera,NA,NA,Pollination,NA,Visual,NA,NA,Richness,Abundance,Insect_Flower_Interactions,Composition,No,NA,NA,NA,
48,No_Enviro_Variable,NA,NA,Intensity_Gradient,NA,NA,Cropping,NA,Rice,NA,Asia,Japan,Temperate,Temperate_Forest,35.483333,135.866667,Grassland,NA,Plant_Dwelling,Flying_Community,NA,Pollination,Pests_Herbivory,Visual,NA,NA,Richness,Composition,Insect_Flower_Interactions,NA,No,NA,NA,NA,
49,Landscape,Landscape_Complexity,NA,Conventional,NA,NA,Cropping,NA,Oilseed_Rape_Fields,NA,Europe,Germany,Temperate,Temperate_Forest,NA,NA,NA,NA,Hymenoptera,NA,NA,Pollination,NA,Visual,NA,NA,Density,NA,NA,NA,No,NA,NA,NA,
50,No_Enviro_Variable,NA,NA,Unspecified,NA,NA,Livestock,NA,Dairy,Cheese_Production,Europe,France,Temperate,Temperate_Forest,NA,NA,Grassland,NA,Orthoptera,NA,NA,Ecosystem_Engineer,NA,Sweep_Netting,Live_Capture,NA,Richness,Composition,Diversity,NA,No,NA,NA,NA,
51,Landscape,Landscape_Complexity,NA,Intensity_Gradient,NA,NA,Veg_Fruit_Ground,Cropping,Various_Veg,Various_Crops,Europe,Multiple,Temperate,Temperate_Forest,NA,NA,NA,NA,Hymenoptera,Diptera,Lepidoptera,Pollination,NA,Visual,NA,NA,Richness,Abundance,NA,NA,No,NA,NA,NA,
52,Site,Proportion_Veg,Veg_Height,Unspecified,NA,NA,Cropping,NA,Various_Crops,NA,Africa,Tanzania,Tropical_Subtropical,Tropical_Subtropical_Grasslands,-2.75,37,Savannah,NA,Orthoptera,NA,NA,Bio_Indicators,NA,Sweep_Netting,Live_Capture,NA,Abundance,Richness,Composition,NA,No,NA,NA,NA,
53,Site,Distance_To_Habitat,NA,Organic,Conventional,NA,Orchid,NA,Mango,NA,Africa,South_Africa,Montane,Montane,NA,NA,NA,NA,Hymenoptera,Lepidoptera,Formicidae,Pollination,NA,Visual,Live_Capture,NA,Richness,Abundance,Diversity,NA,No,NA,NA,NA,
54,No_Enviro_Variable,NA,NA,Unspecified,NA,NA,Unspecified,NA,Unspecified,NA,Europe,Unspecified,Unspecified,Unspecified,5.195,-1.762222,Grassland,NA,Coleoptera,NA,NA,Natural_Enemies,NA,Pitfall_trap,NA,NA,Composition,Abundance,NA,NA,No,NA,NA,NA,
55,Both,Proportion_Farming,NA,Unspecified,NA,NA,Cropping,NA,Rice,Sugarcane,Asia,China,Tropical_Subtropical,Tropical_Subtropical_Forest,22.933333,108.216667,Eucalypt,NA,Flying_Community,Coleoptera,NA,Biodiversity_Ecosystem_Resilience,NA,Pitfall_trap,Pan_Trap,Sweep_Netting,Diversity,Richness,Abundance,NA,No,NA,NA,NA,
56,No_Enviro_Variable,NA,NA,Homegardens,NA,NA,Unspecified,NA,Unspecified,NA,Asia,Indonesia,Tropical_Subtropical,Tropical_Subtropical_Forest,NA,NA,Forest,NA,Flying_Community,Surface_Active,Plant_Dwelling,Biodiversity_Ecosystem_Resilience,NA,Vane_Trap,Pitfall_trap,Sweep_Netting,Abundance,Richness,NA,NA,No,NA,NA,NA,
57,No_Enviro_Variable,NA,NA,Unspecified,NA,NA,Silvoarable,NA,Grass,Eucalyptus_Plantation,South_America,Brazil,Tropical_Subtropical,Tropical_Subtropical_Forest,-21.55,-43.1,NA,NA,Hemiptera,Hymenoptera,NA,Bio_Indicators,NA,Malaise_Trap,NA,NA,Abundance,Richness,Diversity,NA,No,Trophic_Group,NA,NA,
58,No_Enviro_Variable,NA,NA,Unspecified,NA,NA,Cropping,NA,Rice,NA,Asia,Philippines,Tropical_Subtropical,Tropical_Subtropical_Forest,NA,NA,NA,NA,Plant_Dwelling,Parasitoid,NA,Biological_Control,Decomp_Soil_Properties,Suction,NA,NA,Richness,Density,Abundance,Composition,No,NA,NA,NA,
59,Landscape,Landscape_Complexity,NA,Unspecified,NA,NA,Cropping,NA,Buckwheat,NA,Asia,Japan,Temperate,Temperate_Forest,35.633333,-137.883333,Forest,NA,Flying_Community,Plant_Dwelling,NA,Pollination,NA,Visual,NA,NA,Insect_Flower_Interactions,NA,NA,NA,Yes,Size,NA,NA,
60,No_Enviro_Variable,NA,NA,Organic,Conventional,NA,Veg_Fruit_Ground,NA,Tomato,Lettuce,South_America,Argentina,Temperate,Temperate_Grasslands,-34.943544,-58.088956,NA,NA,Coleoptera,NA,NA,Ecosystem_Engineer,NA,Pitfall_trap,NA,NA,Abundance,Composition,NA,NA,No,NA,NA,NA,
61,No_Enviro_Variable,NA,NA,Unspecified,NA,NA,Silvopastoral,NA,Oil_Palm_Plantation,Cattle_Grazing,Asia,Indonesia,Tropical_Subtropical,Tropical_Subtropical_Forest,NA,NA,NA,NA,Coleoptera,NA,NA,Decomp_Soil_Properties,NA,Baited_Pitfall,NA,NA,Diversity,Abundance,Composition,NA,No,NA,NA,NA,
62,No_Enviro_Variable,NA,NA,Organic,Conventional,NA,Orchid,NA,Apple,NA,South_America,Brazil,Tropical_Subtropical,Tropical_Subtropical_Grasslands,NA,NA,Forest,Grassland,Flying_Community,Hemiptera,Coleoptera,Pollination,NA,Sweep_Netting,NA,NA,Diversity,Richness,Abundance,NA,No,NA,NA,NA,
63,Site,Veg_Diversity,Veg_Species_Abundance,Unspecified,NA,NA,Orchid,NA,Almond_Orchid,NA,Asia,Israel,Mediterrane,Mediterrane,NA,NA,Grassland,NA,Hymenoptera,NA,NA,Pollination,NA,Sweep_Netting,Pan_Trap,NA,Abundance,Composition,Insect_Flower_Interactions,NA,No,NA,NA,NA,
64,No_Enviro_Variable,NA,NA,Conventional,Agroecological,NA,Veg_Fruit_Ground,NA,Acerola,NA,South_America,Brazil,Tropical_Subtropical,Tropical_Subtropical_Forest,-3.892539,-41.098936,Tropical_Forest,NA,Surface_Active,Lepidoptera,Hymenoptera,Decomp_Soil_Properties,NA,Pitfall_trap,NA,NA,Diversity,Richness,Abundance,NA,Yes,Trophic_Group,Dispersal_Capacity,NA,
65,No_Enviro_Variable,NA,NA,Unspecified,NA,NA,Cropping,NA,Various_Crops,NA,Oceania,New_Zealand,Montane,Montane,-43.913333,172.668333,NA,NA,Hymenoptera,Diptera,NA,Pollination,NA,Visual,Sticky_Traps,NA,Abundance,Diversity,Richness,Composition,No,NA,NA,NA,
66,Site,Proportion_Flowers,Proportion_Veg,Organic,IPM,NA,Orchid,NA,Apple,NA,Europe,Greece,Temperate,Temperate_Forest,37.43705,22.46942,Forest,Natural_Hedges,Hymenoptera,Diptera,NA,Pollination,NA,Visual,NA,NA,Insect_Flower_Interactions,Composition,NA,NA,No,NA,NA,NA,
67,Site,Veg_Complexity,NA,Unspecified,NA,NA,Agroforestry,NA,Oil_Palm_Plantation,Acacia_Plantation,Asia,Malaysia,Tropical_Subtropical,Tropical_Subtropical_Forest,117.083333,4.1,Riparian,Rainforest,Coleoptera,NA,NA,Bio_Indicators,NA,Baited_Pitfall,NA,NA,Abundance,Diversity,Richness,Composition,Yes,Body_Length,Time_Active,Dung_Removal_Method,
68,No_Enviro_Variable,NA,NA,AgEnviroScheme,NA,NA,Cropping,Livestock,Various_Crops,Cattle_Grazing,Europe,England,Temperate,Temperate_Forest,NA,NA,Grassland,NA,Flying_Community,Surface_Active,Aphididae,Pollination,Biological_Control,Visual,NA,NA,Abundance,Richness,Insect_Flower_Interactions,NA,No,NA,NA,NA,
69,Site,Proportion_Habitat,Water,Unspecified,NA,NA,Cropping,NA,Various_Crops,Various_Veg,Europe,Multiple,Temperate,Temperate_Forest,43.890397,7.204205,Riparian,Floodplain,Water_Community,NA,NA,Bio_Indicators,NA,Water_Sample,NA,NA,Abundance,Richness,Diversity,Composition,Yes,Feeding_Stratergy,NA,NA,
70,No_Enviro_Variable,NA,NA,Unspecified,NA,NA,Cropping,NA,Clover,NA,Europe,Sweden,Boreal,Boreal,NA,NA,NA,NA,Hymenoptera,NA,NA,Pollination,NA,Live_Capture,NA,NA,Abundance,Richness,Composition,NA,No,NA,NA,NA,
71,No_Enviro_Variable,NA,NA,Unspecified,NA,NA,Livestock,NA,Cattle_Grazing,NA,North_America,USA,Temperate,Temperate_Forest,27.621833,-80.971133,Grassland,NA,Coleoptera,NA,NA,Decomp_Soil_Properties,NA,Baited_Pitfall,NA,NA,Abundance,Richness,NA,NA,Yes,Body_Length,Nesting_Strategy,Microhabitat_Preference,
72,No_Enviro_Variable,NA,NA,Organic,NA,NA,Veg_Fruit_Ground,NA,Tomato,Kale,South_America,Brazil,Tropical_Subtropical,Tropical_Subtropical_Grasslands,-15.824583,-48.252167,Riparian,NA,Flying_Community,Plant_Dwelling,NA,Biological_Control,NA,Malaise_Trap,Suction,NA,Richness,Abundance,Composition,NA,Yes,Trophic_Group,NA,NA,
73,No_Enviro_Variable,NA,NA,Conservation_Agriculture,NA,NA,Cropping,Livestock,Various_Crops,Cattle_Grazing,Africa,South_Africa,Montane,Montane,-28.909222,29.559861,NA,NA,Opisthopora,NA,NA,Bio_Indicators,NA,Soil_Monoliths,NA,NA,Richness,Abundance,NA,NA,No,NA,NA,NA,
74,No_Enviro_Variable,NA,NA,Unspecified,NA,NA,Cropping,Livestock,Soybean,Cattle_Grazing,South_America,Brazil,Tropical_Subtropical,Tropical_Subtropical_Forest,-29.757672,-52.144964,Grassland,NA,Opisthopora,NA,NA,Bio_Indicators,NA,Soil_Monoliths,NA,NA,Richness,NA,NA,NA,No,NA,NA,NA,
75,Both,Veg_Height,Landscape_Complexity,Low_Input,NA,NA,Unspecified,NA,Unspecified,NA,Europe,Hungary,Temperate,Temperate_Forest,NA,NA,Sand_Dunes,Grassland,Opisthopora,Arachnida,Hymenoptera,Biodiversity_Ecosystem_Resilience,NA,Soil_Monoliths,Live_Capture,Suction,Richness,Abundance,NA,NA,No,NA,NA,NA,
76,Landscape,Distance_To_Habitat,NA,Organic,Conventional,NA,Agroforestry,NA,Coffee,NA,South_America,Colombia,Tropical_Subtropical,Tropical_Subtropical_Grasslands,6.629167,-73.27,Forest,NA,Hymenoptera,Diptera,Lepidoptera,Pollination,NA,Visual,NA,NA,Abundance,Insect_Flower_Interactions,Richness,NA,No,NA,NA,NA,
77,No_Enviro_Variable,NA,NA,AgEnviroScheme,NA,NA,Cropping,NA,Wheat,Oilseed_Rape_Fields,Europe,UK,Temperate,Temperate_Forest,54.083333,-0.816667,NA,NA,Flying_Community,Surface_Active,Plant_Dwelling,Biodiversity_Ecosystem_Resilience,NA,Visual,Pitfall_trap,Sweep_Netting,Richness,Abundance,NA,NA,Yes,Trophic_Group,NA,NA,
78,No_Enviro_Variable,NA,NA,Unspecified,NA,NA,Orchid,NA,Citrus,NA,Africa,South_Africa,Desert,Desert,NA,NA,NA,NA,Lepidoptera,Parasitoid,NA,Biological_Control,NA,Live_Capture,Line_Trap_Pheromone,NA,Density,Parasitism,NA,NA,No,NA,NA,NA,
79,No_Enviro_Variable,NA,NA,Unspecified,NA,NA,Cropping,NA,Cereal,NA,Europe,Sweden,Boreal,Boreal,NA,NA,NA,NA,Hymenoptera,Diptera,NA,Pollination,NA,Sweep_Netting,NA,NA,Abundance,NA,NA,NA,No,NA,NA,NA,
80,Both,Distance_To_Habitat,NA,Unspecified,NA,NA,Orchid,NA,Grapefruit,Orange,South_America,Argentina,Tropical_Subtropical,Tropical_Subtropical_Grasslands,-23.133333,-64.333333,Premontane_Lowland_Forest,NA,Hymenoptera,Diptera,Lepidoptera,Pollination,NA,Visual,NA,NA,Richness,Insect_Flower_Interactions,Diversity,Composition,No,NA,NA,NA,
81,Site,Proportion_Veg,NA,Intensive_vs_Extensive,NA,NA,Livestock,NA,Cattle_Grazing,NA,Europe,Hungary,Temperate,Temperate_Forest,NA,NA,Grassland,NA,Hymenoptera,NA,NA,Pollination,NA,Sweep_Netting,NA,NA,Abundance,Richness,NA,NA,No,NA,NA,NA,
82,Landscape,Veg_Complexity,NA,Unspecified,NA,NA,Cropping,NA,Soybean,NA,South_America,Brazil,Tropical_Subtropical,Tropical_Subtropical_Grasslands,NA,NA,Forest,NA,Hymenoptera,NA,NA,Natural_Enemies,NA,Malaise_Trap,NA,NA,Richness,Abundance,Composition,NA,No,NA,NA,NA,
83,No_Enviro_Variable,NA,NA,Unspecified,NA,NA,Agroforestry,NA,Acacia_Plantation,NA,Asia,Indonesia,Tropical_Subtropical,Tropical_Subtropical_Grasslands,NA,NA,Grassland,Forest,Coleoptera,NA,NA,Bio_Indicators,NA,Baited_Pitfall,NA,NA,Richness,Abundance,Composition,NA,No,NA,NA,NA,
84,Both,Landscape_Complexity,Flower_Species_Rich,Unspecified,NA,NA,Livestock,Cropping,Cattle_Grazing,Various_Crops,South_America,Argentina,Temperate,Temperate_Grasslands,NA,NA,Grassland,Woodland,Diptera,Hymenoptera,Coleoptera,Pollination,NA,Live_Capture,NA,NA,Richness,Composition,NA,NA,No,NA,NA,NA,
85,Site,Veg_Height,Proportion_Veg,Intensity_Gradient,NA,NA,Cropping,NA,Canola,Cereal,Oceania,Australia,Temperate,Temperate_Forest,NA,NA,Grassland,NA,Coleoptera,Arachnida,Dermaptera,Natural_Enemies,NA,Pitfall_trap,NA,NA,Abundance,Composition,NA,NA,No,NA,NA,NA,
86,Site,Proportion_Veg,NA,Organic,Conventional,NA,Veg_Fruit_Ground,NA,Vineyard,NA,Asia,Israel,Mediterrane,Mediterrane,NA,NA,NA,NA,Hymenoptera,Plant_Dwelling,NA,Biological_Control,NA,Suction,NA,NA,Abundance,Richness,Composition,NA,No,NA,NA,NA,
87,No_Enviro_Variable,NA,NA,Unspecified,NA,NA,Orchid,NA,Stone_Fruit,NA,Europe,Spain,Mediterrane,Mediterrane,37.617972,-0.785583,NA,NA,Plant_Dwelling,Flying_Community,NA,Biodiversity_Ecosystem_Resilience,NA,Visual,Sweep_Netting,NA,Abundance,Diversity,Richness,NA,No,NA,NA,NA,
88,No_Enviro_Variable,NA,NA,Organic,NA,NA,Veg_Fruit_Ground,NA,Vineyard,NA,South_America,Chile,Mediterrane,Mediterrane,NA,NA,Sclerophyllous_Forest,Shrublands,Flying_Community,NA,NA,Food_Source,NA,Light_trap,NA,NA,Richness,Abundance,NA,NA,No,NA,NA,NA,Specifically focused on nocturnal flying community
89,Landscape,Landscape_Complexity,NA,Intensity_Gradient,NA,NA,Cropping,NA,Wheat,NA,Asia,China,Tropical_Subtropical,Tropical_Subtropical_Forest,NA,NA,Grassland,Woodland,Parasitoid,Plant_Dwelling,Surface_Active,Biological_Control,NA,Pitfall_trap,Sweep_Netting,NA,Richness,Parasitism,Abundance,NA,No,NA,NA,NA,
90,No_Enviro_Variable,NA,NA,Intensity_Gradient,NA,NA,Livestock,NA,Cattle_Grazing,NA,Europe,Austria,Temperate,Temperate_Forest,47.116667,11.3,Grassland,NA,Endogeic_Community,NA,NA,Decomp_Soil_Properties,NA,Soil_Monoliths,NA,NA,Abundance,Richness,Composition,Diversity,No,NA,NA,NA,
91,No_Enviro_Variable,NA,NA,Organic,Conventional,NA,Cropping,Veg_Fruit_Ground,Cereal,Various_Veg,Europe,Finland,Boreal,Boreal,60.00936,23.40421,Conifer_Forests,Wetland,Flying_Community,Surface_Active,NA,Biodiversity_Ecosystem_Resilience,NA,Visual,Pitfall_trap,NA,Richness,Abundance,Diversity,NA,No,NA,NA,NA,
92,No_Enviro_Variable,NA,NA,Unspecified,NA,NA,Livestock,Orchid,Cattle_Grazing,Mango,Africa,South_Africa,Tropical_Subtropical,Tropical_Subtropical_Grasslands,-22.699167,30.611944,NA,NA,Isoptera,NA,NA,Decomp_Soil_Properties,NA,Transect_Search,NA,NA,Richness,Diversity,Abundance,Composition,Yes,Nesting_Strategy,Diet,NA,
93,No_Enviro_Variable,NA,NA,Organic,Conventional,NA,Cropping,NA,Rice,NA,Asia,Taiwan,Tropical_Subtropical,Tropical_Subtropical_Forest,24.796083,121.7575,Forest,NA,Plant_Dwelling,NA,NA,Biological_Control,NA,Sweep_Netting,NA,NA,Richness,Abundance,Composition,NA,Yes,Trophic_Group,NA,NA,
94,Landscape,Proportion_Habitat,NA,Intensively_Managed,NA,NA,Cropping,NA,Wheat,NA,Europe,Germany,Temperate,Temperate_Forest,NA,NA,Woodland,NA,Coleoptera,Gastropoda,NA,Biological_Control,NA,Pitfall_trap,NA,NA,Richness,Density,NA,NA,No,NA,NA,NA,
95,Both,Proportion_Farming,Distance_To_Flowers,Intensively_Managed,NA,NA,Cropping,NA,Unspecified,NA,Europe,Sweden,Temperate,Temperate_Forest,NA,NA,NA,NA,Diptera,Hymenoptera,Surface_Active,Pollination,Biological_Control,Suction,Pitfall_trap,Trap_Nests,Abundance,NA,NA,NA,No,NA,NA,NA,
96,Site,Proportion_Veg,Time_Since_Fire,Unspecified,NA,NA,Livestock,NA,Cattle_Grazing,NA,North_America,USA,Temperate,Temperate_Grasslands,NA,NA,Grassland,Forest,Formicidae,NA,NA,Bio_Indicators,NA,Sweep_Netting,NA,NA,Abundance,NA,NA,NA,Yes,Feeding_Stratergy,NA,NA,
97,Landscape,Landscape_Complexity,NA,Gradient_Inputs,NA,NA,Cropping,NA,Cotton,NA,Asia,China,Temperate,Temperate_Forest,NA,NA,Forest,Grassland,Aphididae,Plant_Dwelling,NA,Biological_Control,NA,Visual,NA,NA,Abundance,Density,NA,NA,No,NA,NA,NA,
98,Landscape,Landscape_Complexity,NA,Unspecified,NA,NA,Agroforestry,NA,Coffee,NA,Africa,Ethiopia,Tropical_Subtropical,Tropical_Subtropical_Forest,NA,NA,NA,NA,Hymenoptera,NA,NA,Pollination,NA,Pan_trap,NA,NA,Abundance,Diversity,Richness,NA,No,NA,NA,NA,
99,Site,Proportion_Veg,NA,Organic,NA,NA,Cropping,NA,Buckwheat,NA,Asia,Japan,Temperate,Temperate_Forest,36.5,140.383333,Forest,Grassland,Hymenoptera,Diptera,Coleoptera,Pollination,NA,Sweep_Netting,NA,NA,Abundance,NA,NA,NA,No,NA,NA,NA,
100,No_Enviro_Variable,NA,NA,Commercial,NA,NA,Cropping,NA,Soybean,Maize,South_America,Brazil,Tropical_Subtropical,Tropical_Subtropical_Grasslands,-18.933333,-48.3,Savannah,Woodland,Formicidae,NA,NA,Natural_Enemies,NA,Baited_Pitfall,Baited_Subterranean_Trap,NA,Abundance,Diversity,Richness,NA,Yes,Microhabitat_Preference,NA,NA,
101,No_Enviro_Variable,NA,NA,Unspecified,NA,NA,Veg_Fruit_Ground,NA,Vineyard,NA,Europe,Spain,Mediterrane,Mediterrane,NA,NA,NA,NA,Flying_Community,NA,NA,Biological_Control,NA,Sticky_Traps,NA,NA,Abundance,Diversity,NA,NA,Yes,Service_or_Disservice,NA,NA,
102,No_Enviro_Variable,NA,NA,Unspecified,NA,NA,Orchid,NA,Loquat,NA,Asia,Pakistan,Desert,Desert,32.930278,-72.855556,NA,NA,Hymenoptera,Diptera,NA,Pollination,NA,Live_Capture,NA,NA,Abundance,Diversity,NA,NA,No,NA,NA,NA,
103,Site,Veg_Species,NA,Organic,Conventional,NA,Livestock,NA,Dairy,NA,Oceania,New_Zealand,Temperate,Temperate_Forest,NA,NA,NA,NA,Coleoptera,Arachnida,NA,Biodiversity_Ecosystem_Resilience,NA,Suction,Visual,NA,Abundance,Composition,Density,NA,No,NA,NA,NA,
104,No_Enviro_Variable,NA,NA,Organic,Conventional,NA,Veg_Fruit_Ground,NA,Raspberry,NA,North_America,Canada,Temperate,Temperate_Forest,46.432167,-64.7695,NA,NA,Coleoptera,NA,NA,Natural_Enemies,NA,Pitfall_trap,NA,NA,Richness,Composition,Density,NA,No,NA,NA,NA,
105,Site,Veg_Complexity,NA,Organic,Conventional,NA,Agroforestry,NA,Coffee,NA,North_America,Jamacia,Tropical_Subtropical,Tropical_Subtropical_Forest,NA,NA,NA,NA,Plant_Dwelling,NA,NA,Pests_Herbivory,NA,Live_Capture,NA,NA,Abundance,Composition,NA,NA,Yes,Size,NA,NA,
106,Both,Veg_Complexity,Proportion_Habitat,Intensively_Managed,NA,NA,Veg_Fruit_Ground,NA,Broccoli,NA,Europe,France,Temperate,Temperate_Forest,NA,NA,Grassland,Woodland,Coleoptera,Aphididae,Lepidoptera,Biological_Control,NA,Visual,NA,NA,Diversity,Abundance,NA,NA,No,NA,NA,NA,
107,No_Enviro_Variable,NA,NA,Unspecified,NA,NA,Agroforestry,NA,Tea_Plantation,NA,Africa,Tanzania,Tropical_Subtropical,Tropical_Subtropical_Grasslands,-5.066667,38.516667,Moist_Montane_Forest,Riparian,Water_Community,NA,NA,Bio_Indicators,NA,Disturbance_Downstream_Net,NA,NA,Richness,Abundance,Composition,Diversity,No,NA,NA,NA,
108,No_Enviro_Variable,NA,NA,Unspecified,NA,NA,Livestock,NA,Cattle_Grazing,NA,Europe,UK,Temperate,Temperate_Forest,51.889444,-5.235,NA,NA,Coleoptera,NA,NA,Decomp_Soil_Properties,NA,Baited_Pitfall,Hand_Search,NA,Survival,NA,NA,NA,No,NA,NA,NA,
109,Site,Proportion_Veg,Soil_Properties,Intensity_Gradient,NA,NA,Veg_Fruit_Ground,NA,Vineyard,NA,Europe,Romania,Temperate,Temperate_Forest,46.15971,23.92991,Forest,Wetland,Surface_Active,NA,NA,Biodiversity_Ecosystem_Resilience,NA,Pitfall_trap,NA,NA,Abundance,Diversity,Density,Richness,No,NA,NA,NA,
110,Site,Proportion_Veg,NA,Unspecified,NA,NA,Cropping,NA,Wheat,NA,Europe,England,Temperate,Temperate_Forest,NA,NA,Woodland,NA,Surface_Active,Plant_Dwelling,NA,Food_Source,NA,Suction,Pitfall_trap,NA,Richness,Abundance,Composition,NA,No,NA,NA,NA,
111,No_Enviro_Variable,NA,NA,Intensively_Managed,NA,NA,Cropping,NA,Rice,NA,Asia,Philippines,Tropical_Subtropical,Tropical_Subtropical_Forest,14.1582,121.268,Forest,NA,Lepidoptera,Hemiptera,Parasitoid,Biological_Control,NA,Sweep_Netting,NA,NA,Abundance,Parasitism,NA,NA,No,NA,NA,NA,
112,No_Enviro_Variable,NA,NA,Unspecified,NA,NA,Cropping,NA,Cotton,NA,North_America,Mexico,Tropical_Subtropical,Tropical_Subtropical_Forest,25.823611,-103.2225,NA,NA,Surface_Active,Flying_Community,Plant_Dwelling,Biodiversity_Ecosystem_Resilience,NA,Sweep_Netting,Pitfall_trap,Live_Capture,Richness,NA,NA,NA,No,NA,NA,NA,
113,Both,Proportion_Habitat,Proportion_Farming,Intensity_Gradient,NA,NA,Cropping,NA,Oilseed_Rape_Fields,NA,Europe,France,Temperate,Temperate_Forest,NA,NA,Forest,Grassland,Surface_Active,Flying_Community,Plant_Dwelling,Pollination,Pests_Herbivory,Pitfall_trap,Pan_Trap,Sweep_Netting,Abundance,NA,NA,NA,No,NA,NA,NA,
114,Both,Landscape_Complexity,Veg_Species_Rich,Intensively_Managed,NA,NA,Cropping,NA,Maize,Soybean,South_America,Argentina,Temperate,Temperate_Grasslands,-34.116667,-60.566667,Grassland,Woodland,Surface_Active,NA,NA,Biodiversity_Ecosystem_Resilience,NA,Pitfall_trap,NA,NA,Richness,Abundance,Diversity,NA,Yes,Trophic_Group,NA,NA,
115,No_Enviro_Variable,NA,NA,Unspecified,NA,NA,Cropping,NA,Sugarcane,NA,South_America,Brazil,Tropical_Subtropical,Tropical_Subtropical_Grasslands,-17.937778,-51.641944,NA,NA,Surface_Active,NA,NA,Bio_Indicators,NA,Pitfall_trap,NA,NA,Abundance,Richness,Diversity,NA,No,NA,NA,NA,
116,No_Enviro_Variable,NA,NA,Organic,Conventional,NA,Cropping,NA,Rice,NA,Asia,Bangladesh,Tropical_Subtropical,Tropical_Subtropical_Forest,24,90.425,NA,NA,Plant_Dwelling,Parasitoid,Odonata,Biological_Control,NA,Sweep_Netting,Sticky_Traps,NA,Parasitism,Abundance,NA,NA,No,NA,NA,NA,
117,No_Enviro_Variable,NA,NA,Organic,Conventional,NA,Agroforestry,Cropping,Apple,Cereal,Europe,UK,Temperate,Temperate_Forest,NA,NA,NA,NA,Surface_Active,Flying_Community,NA,Biological_Control,NA,Pitfall_trap,Pan_Trap,Visual,Richness,Diversity,NA,NA,Yes,Trophic_Group,Diet,Dispersal_Method,
118,No_Enviro_Variable,NA,NA,Conventional,NA,NA,Cropping,NA,Maize,Soybean,North_America,USA,Temperate,Temperate_Forest,40.716667,-77.916667,NA,NA,Endogeic_Community,Surface_Active,NA,Decomp_Soil_Properties,NA,Soil_Monoliths,Leaf_Litter_Sample,NA,Abundance,Richness,Diversity,NA,Yes,Trophic_Group,NA,NA,
119,Landscape,Proportion_Farming,NA,Conventional,NA,NA,Veg_Fruit_Ground,NA,Pak_Choi,NA,Oceania,New_Zealand,Temperate,Temperate_Forest,NA,NA,Forest,NA,Diptera,Hymenoptera,NA,Pollination,NA,Visual,NA,NA,Evenness,Insect_Flower_Interactions,NA,NA,No,NA,NA,NA,
120,Site,Veg_Species_Rich,NA,Conventional,NA,NA,Agroforestry,NA,Oil_Palm_Plantation,NA,Asia,Indonesia,Tropical_Subtropical,Tropical_Subtropical_Forest,-1.95,103.25,Rainforest,NA,Surface_Active,NA,NA,Biodiversity_Ecosystem_Resilience,NA,Suction,Leaf_Litter_Sample,NA,Diversity,Abundance,Richness,NA,Yes,Trophic_Group,NA,NA,
121,Site,Flower_Species_Rich,Proportion_Flowers,Intensively_Managed,NA,NA,Cropping,Livestock,Ryegrass,Livestock_Grazing,Europe,Scotland,Temperate,Temperate_Forest,55.547222,-4.366667,Grassland,Woodland,Hymenoptera,Lepidoptera,Diptera,Pollination,NA,Visual,NA,NA,Abundance,Richness,Diversity,Insect_Flower_Interactions,No,NA,NA,NA,
122,Landscape,Proportion_Habitat,Proportion_Flowers,Unspecified,NA,NA,Unspecified,NA,Unspecified,NA,Europe,Netherlands,Temperate,Temperate_Forest,NA,NA,Grassland,Woodland,Hymenoptera,NA,NA,Pollination,NA,Pan_trap,Trap_Nests,NA,Richness,Reproduction,NA,NA,No,NA,NA,NA,
123,No_Enviro_Variable,NA,NA,Conventional,NA,NA,Orchid,NA,Apple,Peach,North_America,USA,Temperate,Temperate_Forest,NA,NA,NA,NA,Hymenoptera,Parasitoid,NA,Biological_Control,NA,Sticky_Traps,Live_Capture,NA,Parasitism,Abundance,NA,NA,No,NA,NA,NA,
124,Both,Proportion_Habitat,Water_Properties,Unspecified,NA,NA,Livestock,NA,Cattle_Grazing,Duck_Farming,Europe,France,Temperate,Temperate_Forest,NA,NA,Prairie,Forest,Odonata,NA,NA,Bio_Indicators,NA,Sweep_Netting,Hand_Search,NA,Composition,Richness,Occurrence,NA,No,NA,NA,NA,
125,Both,Landscape_Complexity,Proportion_Veg,Organic,Conventional,Abandoned,Orchid,NA,Olive_Grove,NA,Europe,Spain,Mediterrane,Mediterrane,NA,NA,Forest,Shrublands,Lepidoptera,NA,NA,Bio_Indicators,NA,Visual,NA,NA,Diversity,Richness,Abundance,NA,No,NA,NA,NA,
126,Site,Proportion_Veg,NA,Organic,NA,NA,Cropping,NA,Soybean,NA,North_America,USA,Temperate,Temperate_Grasslands,NA,NA,NA,NA,Surface_Active,Parasitoid,NA,Natural_Enemies,NA,Soil_Emergence_Tents,NA,NA,Abundance,Richness,Composition,NA,No,NA,NA,NA,
127,Site,Elevation,NA,Unspecified,NA,NA,Veg_Fruit_Ground,NA,Bean,NA,Africa,Tanzania,Tropical_Subtropical,Tropical_Subtropical_Grasslands,NA,NA,NA,NA,Plant_Dwelling,Parasitoid,NA,Biological_Control,NA,Pan_trap,Visual,Fluorescent_Dye,Abundance,Movement,Parasitism,Predation_Rate,Yes,Trophic_Group,NA,NA,
128,Site,Proportion_Flowers,Flower_Margin_Age,Unspecified,NA,NA,Cropping,NA,Cereal,Oilseed_Rape_Fields,Europe,Hungary,Temperate,Temperate_Forest,NA,NA,NA,NA,Hymenoptera,Diptera,Lepidoptera,Pollination,NA,Visual,NA,NA,Abundance,NA,NA,NA,No,NA,NA,NA,
129,Site,Flower_Species,NA,Unspecified,NA,NA,Cropping,NA,Wheat,NA,Europe,Belgium,Temperate,Temperate_Forest,50.514556,4.730876,NA,NA,Hymenoptera,Diptera,NA,Pollination,NA,Pan_trap,Visual,NA,Abundance,Diversity,Richness,Composition,No,NA,NA,NA,
130,Landscape,Distance_To_Habitat,NA,Unspecified,NA,NA,Veg_Fruit_Ground,NA,Various_Veg,NA,Asia,India,Tropical_Subtropical,Tropical_Subtropical_Forest,11.59316,77.0703,Forest,NA,Hymenoptera,Diptera,Lepidoptera,Pollination,NA,Visual,NA,NA,Richness,NA,NA,NA,No,NA,NA,NA,
131,No_Enviro_Variable,NA,NA,Unspecified,NA,NA,Cropping,NA,Cereal,Oilseed_Rape_Fields,Europe,Belgium,Temperate,Temperate_Forest,50.366667,5.216667,NA,NA,Hymenoptera,Diptera,Lepidoptera,Pollination,NA,Visual,Live_Capture,NA,Abundance,Insect_Flower_Interactions,NA,NA,No,NA,NA,NA,
132,Landscape,Landscape_Complexity,Proportion_Habitat,Gradient_Inputs,NA,NA,Agroforestry,NA,Coffee,NA,South_America,Brazil,Tropical_Subtropical,Tropical_Subtropical_Forest,NA,NA,Forest,Mountains,Hymenoptera,NA,NA,Biological_Control,NA,Malaise_Trap,Baited_Bottle_Trap,Visual,Richness,Abundance,NA,NA,No,NA,NA,NA,
133,No_Enviro_Variable,NA,NA,Unspecified,NA,NA,Agroforestry,NA,Oil_Palm_Plantation,Rubber_Plantation,Asia,Indonesia,Tropical_Subtropical,Tropical_Subtropical_Forest,NA,NA,Lowland_Rainforest,NA,Surface_Active,NA,NA,Biodiversity_Ecosystem_Resilience,NA,Leaf_Litter_Sample,NA,NA,Diversity,Richness,Density,Dispersion,Yes,Trophic_Group,Dispersal_Method,Size,
134,Landscape,Proportion_Habitat,Proportion_Farming,Conventional,NA,NA,Veg_Fruit_Ground,NA,Faba_Bean,NA,Europe,Germany,Temperate,Temperate_Forest,51.533333,9.933333,Grassland,Forest,Hymenoptera,NA,NA,Pollination,NA,Visual,NA,NA,Density,Richness,Composition,NA,Yes,Size,Tongue_Length,Pollen_Collection_Behaviour,
135,Both,Patch_Density,Elevation,Unspecified,NA,NA,Agroforestry,NA,Coffee,NA,Africa,Kenya,Tropical_Subtropical,Tropical_Subtropical_Grasslands,36.9226,-0.7262,Mountains,NA,Hemiptera,Coleoptera,NA,Pests_Herbivory,NA,Visual,BROCAP_traps,NA,Abundance,NA,NA,NA,No,NA,NA,NA,
136,Landscape,Proportion_Habitat,Proportion_Farming,Unspecified,NA,NA,Cropping,NA,Wheat,Alfalfa,Europe,Serbia,Temperate,Temperate_Forest,NA,NA,Grassland,Shrublands,Aphididae,Plant_Dwelling,Parasitoid,Biological_Control,NA,Visual,Sweep_Netting,NA,Abundance,Richness,Parasitism,NA,No,NA,NA,NA,
137,No_Enviro_Variable,NA,NA,Intensively_Managed,NA,NA,Cropping,NA,Various_Annual_Crops,NA,Europe,Sweden,Boreal,Boreal,56,13.5,Forest,NA,Hymenoptera,NA,NA,Pollination,NA,Pan_trap,NA,NA,Abundance,Richness,NA,NA,Yes,Social_Behaviour,NA,NA,
138,Landscape,Proportion_Habitat,NA,Conventional,NA,NA,Veg_Fruit_Ground,NA,Vineyard,NA,Europe,France,Temperate,Temperate_Forest,NA,NA,Woodland,Grassland,Lepidoptera,Parasitoid,NA,Biological_Control,NA,Visual,Live_Capture,NA,Density,Parasitism,Predation_Rate,NA,No,NA,NA,NA,
139,No_Enviro_Variable,NA,NA,Low_Input,NA,NA,Cropping,NA,Rice,NA,Europe,Italy,Mediterrane,Mediterrane,45.312506,8.588481,Grassland,Woodland,Lepidoptera,Orthoptera,NA,Bio_Indicators,NA,Visual,Sweep_Netting,Hand_Search,Richness,Abundance,Diversity,Occurrence,No,NA,NA,NA,
140,Landscape,Proportion_Habitat,NA,Unspecified,NA,NA,Veg_Fruit_Ground,NA,Soybean,NA,North_America,USA,Temperate,Temperate_Grasslands,NA,NA,Grassland,Forest,Aphididae,Coleoptera,Neuroptera,Biological_Control,NA,Sweep_Netting,Visual,NA,Abundance,Diversity,Density,Composition,No,NA,NA,NA,
141,No_Enviro_Variable,NA,NA,Unspecified,NA,NA,Livestock,NA,Cattle_Grazing,NA,Oceania,Australia,Tropical_Subtropical,Tropical_Subtropical_Grasslands,-23.375,147.5875,Eucalypt,NA,Surface_Active,Plant_Dwelling,NA,Biodiversity_Ecosystem_Resilience,NA,Pitfall_trap,Suction,NA,Abundance,Diversity,Richness,Occurrence,Yes,Trophic_Group,NA,NA,
142,Site,Proportion_Farming,NA,Unspecified,NA,NA,Cropping,NA,Various_Crops,NA,Europe,England,Temperate,Temperate_Forest,54.985833,-1.729444,Woodland,Grassland,Coleoptera,NA,NA,Ecosystem_Engineer,NA,Pitfall_trap,NA,NA,Composition,Abundance,Density,NA,No,NA,NA,NA,
143,No_Enviro_Variable,NA,NA,Sustainable_Stratergies,NA,NA,Veg_Fruit_Ground,NA,Vineyard,NA,Europe,Spain,Mediterrane,Mediterrane,42.433333,-2.5,NA,NA,Surface_Active,Plant_Dwelling,NA,Biodiversity_Ecosystem_Resilience,NA,Pitfall_trap,Suction,NA,Abundance,Diversity,Composition,NA,No,NA,NA,NA,
144,No_Enviro_Variable,NA,NA,Conventional,NA,NA,Orchid,NA,Pear,NA,Asia,China,Tropical_Subtropical,Tropical_Subtropical_Forest,30.8,121.4,NA,NA,Plant_Dwelling,NA,NA,Biological_Control,NA,Beat_Sheet,Visual,NA,Abundance,Density,Predation_Rate,NA,Yes,Trophic_Group,NA,NA,
145,Site,Habitat_Heterogeneity,Soil_Properties,Unspecified,NA,NA,Agroforestry,NA,Oil_Palm_Plantation,NA,Asia,Malaysia,Tropical_Subtropical,Tropical_Subtropical_Forest,NA,NA,NA,NA,Formicidae,NA,NA,Decomp_Soil_Properties,NA,Pitfall_trap,NA,NA,Diversity,Abundance,Richness,NA,Yes,Feeding_Stratergy,NA,NA,
146,No_Enviro_Variable,NA,NA,Organic,NA,NA,Cropping,NA,Various_Crops,NA,Europe,Italy,Temperate,Temperate_Forest,NA,NA,NA,NA,Flying_Community,Plant_Dwelling,NA,Biodiversity_Ecosystem_Resilience,NA,Live_Capture,Sweep_Netting,Suction,Abundance,Occurrence,Density,NA,No,NA,NA,NA,
147,Both,Proportion_Flowers,Distance_To_Habitat,Homegardens,NA,NA,Veg_Fruit_Ground,NA,Cucumber,NA,Asia,Indonesia,Tropical_Subtropical,Tropical_Subtropical_Forest,NA,NA,Rainforest,NA,Hymenoptera,NA,NA,Pollination,NA,Visual,Live_Capture,NA,Abundance,NA,NA,NA,Yes,Social_Behaviour,Size,NA,
148,Both,Landscape_Complexity,Proportion_Flowers,Intensively_Managed,NA,NA,Cropping,NA,Cereal,Oilseed_Rape_Fields,Europe,Germany,Temperate,Temperate_Forest,NA,NA,Wetland,Grassland,Hymenoptera,NA,NA,Pollination,NA,Pan_trap,NA,NA,Abundance,Richness,NA,NA,Yes,Nesting_Strategy,Social_Behaviour,Size,
149,No_Enviro_Variable,NA,NA,Intensively_Managed,NA,NA,Cropping,Veg_Fruit_Ground,Various_Crops,Vineyard,North_America,USA,Temperate,Temperate_Forest,NA,NA,NA,NA,Hymenoptera,Diptera,NA,Pollination,NA,Sweep_Netting,NA,NA,Persistance,Colonisation,NA,NA,Yes,Specialised_Or_Not,NA,NA,
150,No_Enviro_Variable,NA,NA,Intensively_Managed,NA,NA,Veg_Fruit_Ground,NA,Tomato,NA,North_America,USA,Temperate,Temperate_Forest,NA,NA,NA,NA,Plant_Dwelling,Parasitoid,NA,Biological_Control,NA,Sweep_Netting,Sticky_Traps,Visual,Abundance,Richness,Parasitism,Predation_Rate,Yes,Ecosystem_Service,NA,NA,
151,No_Enviro_Variable,NA,NA,Organic,NA,NA,Orchid,NA,Apple,NA,Europe,Spain,Temperate,Temperate_Forest,45.5,-5.5,NA,NA,Hymenoptera,Diptera,NA,Pollination,Natural_Enemies,Visual,NA,NA,Abundance,Insect_Flower_Interactions,NA,NA,No,NA,NA,NA,
152,No_Enviro_Variable,NA,NA,Unspecified,NA,NA,Cropping,Agroforestry,Unspecified,NA,North_America,Belize,Tropical_Subtropical,Tropical_Subtropical_Forest,18.2,-88.116667,Forest,Savannah,Hymenoptera,NA,NA,Pollination,Natural_Enemies,Malaise_Trap,NA,NA,Richness,Composition,Abundance,NA,No,NA,NA,NA,
153,No_Enviro_Variable,NA,NA,Organic,Conventional,NA,Cropping,NA,Barely,NA,Europe,Sweden,Boreal,Boreal,59.85,17.633333,NA,NA,Coleoptera,Arachnida,NA,Biological_Control,NA,Pitfall_trap,eDNA_Gut_Analysis,NA,Food_Web,Predator_Specialization,NA,NA,No,NA,NA,NA,
154,Site,Veg_Height,NA,Organic,Conventional,NA,Veg_Fruit_Ground,NA,Soybean,NA,North_America,Canada,Temperate,Temperate_Forest,45.23,-75.17,Forest,Shrublands,Flying_Community,NA,NA,Food_Source,NA,Light_trap,NA,NA,Abundance,NA,NA,NA,Yes,Body_Length,NA,NA,
155,No_Enviro_Variable,NA,NA,Conventional,NA,NA,Cropping,NA,Rice,NA,Asia,Philippines,Tropical_Subtropical,Tropical_Subtropical_Forest,NA,NA,NA,NA,Parasitoid,Hemiptera,NA,Biological_Control,NA,Live_Capture,NA,NA,Reproduction,Parasitism,NA,NA,No,NA,NA,NA,
156,Both,Proportion_Habitat,Proportion_Veg,Intensively_Managed,NA,NA,Livestock,NA,Horse_Grazing,Cattle_Grazing,Europe,Sweden,Boreal,Boreal,56.616667,14.183333,Grassland,Conifer_Forests,Hymenoptera,Lepidoptera,NA,Pollination,NA,Visual,NA,NA,Richness,NA,NA,NA,No,NA,NA,NA,
157,No_Enviro_Variable,NA,NA,Conventional,IPM,NA,Orchid,NA,Apple,NA,Asia,Israel,Mediterrane,Mediterrane,NA,NA,NA,NA,Aphididae,NA,NA,Pests_Herbivory,NA,Visual,NA,NA,Occurrence,Density,NA,NA,No,NA,NA,NA,
158,Both,Proportion_Impervious_Surfaces,Proportion_Flowers,Intensity_Gradient,NA,NA,Cropping,Veg_Fruit_Ground,Various_Crops,Various_Veg,Africa,Tanzania,Tropical_Subtropical,Tropical_Subtropical_Grasslands,NA,NA,Grassland,Forest,Hymenoptera,Diptera,NA,Pollination,NA,Pan_trap,Sweep_Netting,Metabarcoding,Richness,Insect_Flower_Interactions,NA,NA,No,NA,NA,NA,
159,Both,Proportion_Habitat,Proportion_Farming,Intensity_Gradient,NA,NA,Orchid,NA,Kiwi,NA,Europe,Portugal,Temperate,Temperate_Forest,NA,NA,Forest,NA,Hymenoptera,Diptera,NA,Pollination,NA,Visual,NA,NA,Diversity,Abundance,Richness,NA,No,NA,NA,NA,
160,Site,Soil_Properties,NA,Unspecified,IPM,NA,Veg_Fruit_Ground,NA,Vineyard,NA,Europe,Spain,Mediterrane,Mediterrane,42.433333,-2.5,NA,NA,Nematoda,NA,NA,Natural_Enemies,NA,Soil_Monoliths,NA,NA,Occurrence,Abundance,NA,NA,Yes,Feeding_Stratergy,NA,NA,
161,Site,Water,Veg_Height,Unspecified,NA,NA,Agroforestry,NA,Oil_Palm_Plantation,NA,Asia,Malaysia,Tropical_Subtropical,Tropical_Subtropical_Forest,3.812525,101.015558,NA,NA,Hemiptera,NA,NA,Natural_Enemies,NA,Sweep_Netting,NA,NA,Abundance,NA,NA,NA,No,NA,NA,NA,
162,No_Enviro_Variable,NA,NA,Unspecified,NA,NA,Agroforestry,NA,Eucalyptus_Plantation,NA,Oceania,Australia,Temperate,Temperate_Forest,-33.610833,150.742222,NA,NA,Nematoda,Acari,NA,Decomp_Soil_Properties,NA,Soil_Monoliths,NA,NA,Abundance,Composition,NA,NA,Yes,Trophic_Group,NA,NA,
163,No_Enviro_Variable,NA,NA,Conventional,IPM,NA,Cropping,NA,Grass,NA,Europe,UK,Temperate,Temperate_Forest,52.300758,-0.764675,NA,NA,Acari,Collembola,NA,Decomp_Soil_Properties,NA,Soil_Monoliths,NA,NA,Abundance,Composition,NA,NA,No,NA,NA,NA,
164,No_Enviro_Variable,NA,NA,Conventional,NA,NA,Agroforestry,NA,Teak_Plantation,NA,Africa,Côte_d’Ivoire,Tropical_Subtropical,Tropical_Subtropical_Forest,6.5,-5.516667,Forest,NA,Formicidae,NA,NA,Decomp_Soil_Properties,Bio_Indicators,Pitfall_trap,Leaf_Litter_Sample,Soil_Monoliths,Occurrence,Richness,Composition,NA,No,NA,NA,NA,
165,Both,Flower_Diversity,Landscape_Intensity,RBAPS,NA,NA,Livestock,NA,Cattle_Grazing,NA,Europe,Ireland,Temperate,Temperate_Forest,5.001167,-9.000333,Grassland,NA,Hymenoptera,Diptera,Lepidoptera,Pollination,NA,Visual,Pan_Trap,NA,Diversity,Richness,Abundance,NA,No,NA,NA,NA,
166,No_Enviro_Variable,NA,NA,Unspecified,IPM,NA,Cropping,NA,Various_Crops,NA,Europe,England,Temperate,Temperate_Forest,NA,NA,Grassland,Woodland,Hymenoptera,Diptera,Lepidoptera,Pollination,NA,Visual,NA,NA,Insect_Flower_Interactions,NA,NA,NA,No,NA,NA,NA,
167,No_Enviro_Variable,NA,NA,Intensively_Managed,NA,NA,Cropping,Veg_Fruit_Ground,Wheat,Bean,Europe,England,Temperate,Temperate_Forest,NA,NA,NA,NA,Hymenoptera,NA,NA,Pollination,NA,Visual,NA,NA,Abundance,Insect_Flower_Interactions,NA,NA,No,NA,NA,NA,
168,No_Enviro_Variable,NA,NA,AgEnviroScheme,NA,NA,Unspecified,NA,Unspecified,NA,Europe,UK,Temperate,Temperate_Forest,NA,NA,NA,NA,Hymenoptera,NA,NA,Pollination,NA,Visual,NA,NA,Insect_Flower_Interactions,Abundance,NA,NA,No,NA,NA,NA,
169,Site,Proportion_Veg,NA,Conventional,AgEnviroScheme,NA,Livestock,NA,Dairy,NA,Europe,Multiple,Temperate,Temperate_Forest,NA,NA,Grassland,NA,Hymenoptera,NA,NA,Pollination,NA,Sweep_Netting,NA,NA,Composition,Abundance,Richness,NA,No,NA,NA,NA,
170,Landscape,Proportion_Habitat,Proportion_Farming,Gradient_Inputs,NA,NA,Livestock,NA,Cattle_Grazing,NA,North_America,Mexico,Tropical_Subtropical,Tropical_Subtropical_Forest,20.15,-97.1,Forest,Riparian,Coleoptera,NA,NA,Bio_Indicators,NA,Baited_Pitfall,NA,NA,Diversity,Richness,Biomass,,No,NA,NA,NA,
171,Landscape,Proportion_Habitat,Patch_Size,Unspecified,NA,NA,Veg_Fruit_Ground,NA,Tomato,NA,South_America,Brazil,Tropical_Subtropical,Tropical_Subtropical_Grasslands,NA,NA,Forest,Savannah,Hymenoptera,NA,NA,Pollination,NA,Visual,NA,NA,Abundance,NA,NA,NA,Yes,Size,NA,NA,
172,Landscape,Proportion_Habitat,NA,Organic,NA,NA,Cropping,NA,Buckwheat,NA,Asia,Japan,Temperate,Temperate_Forest,36.5,140.383333,Grassland,Woodland,Aphididae,Coleoptera,NA,Biological_Control,NA,Visual,Malaise_Trap,NA,Abundance,Occurrence,NA,NA,No,NA,NA,NA,
173,No_Enviro_Variable,NA,NA,Unspecified,NA,NA,Agroforestry,Cropping,Mahogany_Plantation,Rice,Asia,Indonesia,Tropical_Subtropical,Tropical_Subtropical_Forest,NA,NA,Forest,NA,Flying_Community,Plant_Dwelling,NA,Bio_Indicators,NA,Malaise_Trap,Hand_Search,Sweep_Netting,Diversity,Evenness,Dominance_Index,NA,No,NA,NA,NA,
174,No_Enviro_Variable,NA,NA,Gradient_Inputs,NA,NA,Orchid,NA,Banana,NA,North_America,Costa_Rica,Tropical_Subtropical,Tropical_Subtropical_Forest,NA,NA,Forest,NA,Flying_Community,Surface_Active,NA,Biodiversity_Ecosystem_Resilience,NA,Pitfall_trap,Pan_Trap,NA,Composition,Diversity,Richness,NA,Yes,Trophic_Group,NA,NA,
175,No_Enviro_Variable,NA,NA,Conventional,NA,NA,Cropping,NA,Quinoa,NA,South_America,Peru,Montane,Montane,-11.8425,-75.379167,NA,NA,Surface_Active,NA,NA,Biodiversity_Ecosystem_Resilience,NA,Pitfall_trap,NA,NA,Diversity,Richness,Abundance,Composition,Yes,Trophic_Group,NA,NA,
176,No_Enviro_Variable,NA,NA,Unspecified,NA,NA,Various,NA,Various,NA,North_America,USA,Temperate,Temperate_Forest,NA,NA,NA,NA,Plant_Dwelling,Flying_Community,NA,Biodiversity_Ecosystem_Resilience,NA,Sweep_Netting,Beat_Sheet,NA,Diversity,Abundance,Composition,NA,No,NA,NA,NA,
177,No_Enviro_Variable,NA,NA,Organic,Conventional,NA,Veg_Fruit_Ground,NA,Vineyard,NA,Africa,South_Africa,Mediterrane,Mediterrane,-33,18,NA,NA,Flying_Community,Plant_Dwelling,NA,Pollination,NA,Visual,NA,NA,Insect_Flower_Interactions,Richness,NA,NA,No,NA,NA,NA,
178,Landscape,Proportion_Habitat,NA,Conservation_Agriculture,NA,NA,Cropping,NA,Unspecified,NA,Europe,France,Temperate,Temperate_Forest,47.321667,5.041389,Grassland,Forest,Coleoptera,NA,NA,Natural_Enemies,NA,Pitfall_trap,NA,NA,Richness,Predation_Rate,Abundance,NA,Yes,Trophic_Group,NA,NA,Seed predation on weeds
179,No_Enviro_Variable,NA,NA,Intensity_Gradient,NA,NA,Livestock,NA,Cattle_Grazing,Dairy,Africa,South_Africa,Desert,Desert,NA,NA,Savannah,Albany_Thicket,Coleoptera,NA,NA,Bio_Indicators,NA,Baited_Pitfall,NA,NA,Abundance,Richness,Diversity,Species_Turnover,Yes,Nesting_Strategy,NA,NA,
180,Landscape,Proportion_Habitat,Patch_Complexity,Low_Input,NA,NA,Veg_Fruit_Ground,NA,Vineyard,NA,Europe,Portugal,Mediterrane,Mediterrane,NA,NA,NA,NA,Coleoptera,NA,NA,Natural_Enemies,NA,Sweep_Netting,NA,NA,Abundance,Richness,NA,NA,No,NA,NA,NA,
181,No_Enviro_Variable,NA,NA,Unspecified,NA,NA,Cropping,NA,Wheat,NA,Europe,UK,Temperate,Temperate_Forest,NA,NA,NA,NA,Coleoptera,Arachnida,Aphididae,Biological_Control,NA,Pitfall_trap,eDNA_Gut_Analysis,Suction,Predation_Rate,Food_Web,DNA_Decay_Rate,NA,No,NA,NA,NA,
182,No_Enviro_Variable,NA,NA,Organic,IPM,NA,Orchid,NA,Kiwi,NA,Oceania,New_Zealand,Temperate,Temperate_Forest,NA,NA,NA,NA,Flying_Community,Surface_Active,NA,Biodiversity_Ecosystem_Resilience,NA,Pitfall_trap,Pan_Trap,Flight_interception_traps,Composition,Least_Squares_Mean,NA,NA,Yes,Trophic_Group,NA,NA,
183,Site,Tree_Density,Tree_Richness,Organic,Conventional,NA,Orchid,Agroforestry,Mandarin,Cardamom,Asia,India,Tropical_Subtropical,Tropical_Subtropical_Forest,27.05,88.05,Forest,NA,Lepidoptera,NA,NA,Bio_Indicators,NA,Visual,NA,NA,Richness,Abundance,Diversity,NA,Yes,Specialised_Or_Not,Larval_Host_Specificity,NA,
184,Site,Shrub_Richness,Proportion_Habitat,Unspecified,NA,NA,Agroforestry,Cropping,Eucalyptus_Plantation,Various_Annual_Crops,Europe,Portugal,Mediterrane,Mediterrane,NA,NA,Riparian,Woodland,Formicidae,NA,NA,Decomp_Soil_Properties,Natural_Enemies,Pitfall_trap,NA,NA,Richness,Diversity,NA,NA,Yes,Ecosystem_Service,Diet,NA,
185,No_Enviro_Variable,NA,NA,Conventional,NA,NA,Veg_Fruit_Ground,NA,Vineyard,NA,Europe,Portugal,Mediterrane,Mediterrane,NA,NA,NA,NA,Hymenoptera,NA,NA,Biodiversity_Ecosystem_Resilience,NA,Sticky_Traps,NA,NA,Abundance,NA,NA,NA,Yes,Service_or_Disservice,NA,NA,
186,Landscape,Proportion_Habitat,Landscape_Complexity,Unspecified,NA,NA,Veg_Fruit_Ground,NA,Faba_Bean,NA,Europe,Sweden,Boreal,Boreal,NA,NA,Forest,Grassland,Hymenoptera,NA,NA,Pollination,NA,Sweep_Netting,Visual,NA,Density,Behaviour_Activity,NA,NA,No,NA,NA,NA,
187,Landscape,Landscape_Complexity,NA,Unspecified,NA,NA,Cropping,NA,Cotton,NA,Asia,China,Temperate,Temperate_Forest,NA,NA,Forest,Shrublands,Hymenoptera,Lepidoptera,NA,Biological_Control,NA,NA,NA,NA,Parasitism,NA,NA,NA,No,NA,NA,NA,
188,Landscape,Landscape_Complexity,NA,Unspecified,NA,NA,Cropping,NA,Rice,NA,Asia,Bangladesh,Tropical_Subtropical,Tropical_Subtropical_Forest,NA,NA,Forest,NA,Flying_Community,Plant_Dwelling,NA,Biodiversity_Ecosystem_Resilience,NA,Sweep_Netting,NA,NA,Diversity,Richness,Abundance,NA,Yes,Trophic_Group,NA,NA,
189,Both,Proportion_Farming,Proportion_Flowers,Organic,NA,NA,Cropping,NA,Oilseed_Rape_Fields,NA,Asia,China,Tropical_Subtropical,Tropical_Subtropical_Forest,NA,NA,Forest,Grassland,Hymenoptera,Lepidoptera,Diptera,Pollination,NA,Pan_trap,NA,NA,Abundance,Diversity,NA,NA,No,NA,NA,NA,
190,No_Enviro_Variable,Proportion_Farming,NA,Organic,Conventional,NA,Cropping,NA,Cereal,NA,Europe,Sweden,Boreal,Boreal,NA,NA,Grassland,NA,Hymenoptera,Diptera,NA,Pollination,NA,Pan_trap,NA,NA,Composition,Richness,Abundance,NA,No,NA,NA,NA,
191,Both,Proportion_Habitat,NA,Low_Input,NA,NA,Veg_Fruit_Ground,NA,Strawberry,NA,North_America,USA,Temperate,Temperate_Forest,NA,NA,Forest,NA,Hemiptera,Parasitoid,NA,Biological_Control,NA,Suction,NA,NA,Parasitism,Density,NA,NA,No,NA,NA,NA,
192,Landscape,Proportion_Habitat,Proportion_Farming,Unspecified,NA,NA,Cropping,NA,Wheat,NA,Asia,China,Temperate,Temperate_Forest,NA,NA,Woodland,Wetland,Aphididae,NA,NA,Pests_Herbivory,NA,Visual,NA,NA,Composition,Abundance,NA,NA,No,NA,NA,NA,
193,Landscape,Proportion_Habitat,Landscape_Complexity,Unspecified,NA,NA,Veg_Fruit_Ground,NA,Soybean,NA,North_America,USA,Temperate,Temperate_Forest,41.999486,-85.974158,Forest,Grassland,Aphididae,Coleoptera,NA,Biological_Control,NA,Visual,Sticky_Traps,NA,Abundance,Predation_Rate,NA,NA,No,NA,NA,NA,
194,Landscape,Proportion_Habitat,Landscape_Complexity,Gradient_Inputs,NA,NA,Agroforestry,NA,Coffee,NA,South_America,Brazil,Tropical_Subtropical,Tropical_Subtropical_Forest,NA,NA,Forest,NA,Hymenoptera,Lepidoptera,NA,Biological_Control,NA,Malaise_Trap,Baited_Bottle_Trap,Visual,Abundance,Richness,Predation_Rate,NA,No,NA,NA,NA,
195,Both,Proportion_Habitat,Flower_Species_Rich,Unspecified,NA,NA,Orchid,NA,Mango,NA,Asia,Multiple,Tropical_Subtropical,Tropical_Subtropical_Forest,NA,NA,Forest,NA,Hymenoptera,Lepidoptera,Diptera,Pollination,NA,Visual,Camera_Trap,Sweep_Netting,Richness,Insect_Flower_Interactions,NA,NA,No,NA,NA,NA,Countries = China and Thailand
196,Both,Proportion_Habitat,Proportion_Flowers,Intensively_Managed,NA,NA,Orchid,NA,Cherry,NA,Europe,Germany,Temperate,Temperate_Forest,51.339722,9.855556,Forest,Grassland,Hymenoptera,NA,NA,Pollination,NA,Visual,NA,NA,Insect_Flower_Interactions,Density,NA,NA,No,NA,NA,NA,
197,Both,Proportion_Habitat,Veg_Height,Gradient_Inputs,NA,NA,Orchid,NA,Apple,NA,Europe,Hungary,Temperate,Temperate_Forest,NA,NA,Forest,Grassland,Coleoptera,Aphididae,NA,Biological_Control,NA,Beat_Sheet,Visual,NA,Abundance,Activity,NA,NA,Yes,Trophic_Group,NA,NA,
198,Site,Proportion_Veg,Proportion_Soil_Elements,Unspecified,NA,NA,Livestock,Cropping,Cattle_Grazing,Various_Crops,Africa,South_Africa,Tropical_Subtropical,Tropical_Subtropical_Grasslands,-23.15345,30.39459,Open_Savannah,Savannah_Woodlands,Arachnida,NA,NA,Natural_Enemies,NA,Pitfall_trap,NA,NA,Richness,Diversity,NA,NA,Yes,Body_Length,Hunting_Style,Leg_Body_Ratio,
199,No_Enviro_Variable,NA,NA,Unspecified,NA,NA,Livestock,Agroforestry,Cattle_Grazing,Eucalyptus_Plantation,South_America,Brazil,Tropical_Subtropical,Tropical_Subtropical_Grasslands,NA,NA,Savannah,Forest,Hymenoptera,NA,NA,Pollination,NA,Baited_Bottle_Trap,Live_Capture,NA,Richness,Abundance,NA,NA,Yes,Size,Wing_fuctuating_asymmetry,NA,
200,Site,Veg_Height,NA,Intensity_Gradient,NA,NA,Livestock,NA,Various_Grazing,NA,Europe,Germany,Temperate,Temperate_Forest,53.033333,14.383333,Grassland,NA,Arachnida,Coleoptera,Formicidae,Natural_Enemies,NA,Sentinel_Artificial_Prey,Pitfall_trap,Baited_Pitfall,Predation_Rate,Abundance,Activity,NA,No,NA,NA,NA,
201,No_Enviro_Variable,NA,NA,Organic,NA,NA,Cropping,NA,Cotton,NA,Asia,China,Desert,Desert,44.516667,86.583333,NA,NA,Hemiptera,Plant_Dwelling,NA,Biological_Control,NA,Exclusion,Sweep_Netting,Visual,Abundance,Prey_Predator_Ratio,Biocontrol_services_index ,NA,No,NA,NA,NA,Biocontrol_services_index = probability of biocontol services
202,Landscape,Proportion_Habitat,Proportion_Farming,Organic,Conventional,NA,Orchid,NA,Apple,NA,Europe,Terceira_Island,Temperate,Temperate_Forest,NA,NA,Forest,NA,Hymenoptera,Diptera,Coleoptera,Pollination,NA,Pan_trap,Visual,NA,Richness,Diversity,Abundance,Insect_Flower_Interactions,No,NA,NA,NA,
203,Site,Habitat_Quality,Veg_Species_Rich,Intensity_Gradient,NA,NA,Livestock,NA,Cattle_Grazing,Sheep_Grazing,Europe,Ireland,Temperate,Temperate_Forest,54.1553,-8.6065,NA,NA,Diptera,NA,NA,Pollination,Bio_Indicators,Malaise_Trap,NA,NA,Richness,Abundance,NA,NA,No,NA,NA,NA,
204,Site,Veg_Height,Veg_Chemical_Make_Up,Unspecified,NA,NA,Livestock,NA,Cattle_Grazing,Sheep_Grazing,Europe,France,Temperate,Temperate_Forest,-45.04,6.34,Alpine,NA,Orthoptera,NA,NA,Pests_Herbivory,NA,Biocenometer,NA,NA,Composition,Diversity,NA,NA,Yes,Body_Length,Diet,Number_Lavel_Stages,
205,Site,Proportion_Flowers,Flower_Species_Rich,Unspecified,NA,NA,Livestock,NA,Cattle_Grazing,NA,North_America,USA,Temperate,Temperate_Grasslands,NA,NA,Prairie,NA,Hymenoptera,NA,NA,Pollination,NA,Vane_Trap,NA,NA,Richness,Abundance,Diversity,NA,Yes,Size,Nesting_Strategy,Social_Behaviour,
206,Landscape,Proportion_Farming,NA,Low_Input,NA,NA,Cropping,NA,Cereal,NA,Europe,Spain,Mediterrane,Mediterrane,42.183333,2.483333,Forest,NA,Hymenoptera,Parasitoid,NA,Pollination,Biological_Control,Artifical_Nest_Caverties,NA,NA,Composition,Abundance,Richness,Parasitism,No,NA,NA,NA,
207,Both,Proportion_Farming,Flower_Abundance,Intensity_Gradient,NA,NA,Agroforestry,NA,Coffee,Sugarcane,South_America,Colombia,Tropical_Subtropical,Tropical_Subtropical_Forest,NA,NA,Forest,NA,Hymenoptera,NA,NA,Pollination,NA,Live_Capture,NA,NA,Abundance,Diversity,Composition,Richness,No,NA,NA,NA,
208,Both,Proportion_Flowers,Flower_Avalibility,Intensity_Gradient,NA,NA,Unspecified,NA,Unspecified,NA,Europe,Multiple,Temperate,Temperate_Forest,NA,NA,Forest,Grassland,Hymenoptera,NA,NA,Pollination,NA,Visual,NA,NA,Abundance,Richness,NA,NA,No,NA,NA,NA,
209,Landscape,Distance_To_Habitat,NA,Organic,Conventional,NA,Cropping,NA,Pigeonpea,Maize,Africa,Kenya,Tropical_Subtropical,Tropical_Subtropical_Grasslands,-2.25,37.75,Woody_Thicket,NA,Hymenoptera,Plant_Dwelling,Surface_Active,Pollination,Biological_Control,Pan_trap,Pitfall_trap,Beat_Sheet,Abundance,Richness,Insect_Flower_Interactions,NA,No,NA,NA,NA,
210,Site,Proportion_Flowers,Proportion_Veg,Unspecified,NA,NA,Agroforestry,NA,Pine_Plantation,Spruce_Plantation,Europe,Finland,Boreal,Boreal,NA,NA,NA,NA,Hymenoptera,Lepidoptera,NA,Pollination,NA,Visual,NA,NA,Abundance,Richness,Composition,NA,Yes,Specialised_Or_Not,NA,NA,
211,No_Enviro_Variable,NA,NA,Unspecified,NA,NA,Cropping,NA,Maize,NA,Asia,China,Various,Various,NA,NA,NA,NA,Apocrita,Lepidoptera,NA,Biological_Control,NA,Live_Capture,NA,NA,Abundance,Richness,Occurrence,NA,No,NA,NA,NA,
212,Site,Water_Properties,Proportion_Veg,Mixed_Input,NA,NA,Cropping,Agroforestry,Sugarcane,Pine_Plantation,Africa,South_Africa,Montane,Montane,-29.933656,30.525319,NA,NA,Odonata,Coleoptera,NA,Bio_Indicators,NA,Visual,Sweep_Netting,NA,Richness,Composition,NA,NA,No,NA,NA,NA,
213,No_Enviro_Variable,NA,NA,Unspecified,NA,NA,Cropping,NA,Maize,Cotton,Asia,China,Temperate,Temperate_Forest,39.53,116.7,NA,NA,Coleoptera,Hemiptera,NA,Biological_Control,NA,Visual,Live_Capture,NA,Density,Reproduction,NA,NA,No,NA,NA,NA,Reproduction = oviposition preference
214,Site,Soil_Properties,NA,Intensity_Gradient,NA,NA,Orchid,Cropping,Apple,Grass_for_Hay,Europe,Italy,Temperate,Temperate_Forest,NA,NA,NA,NA,Endogeic_Community,NA,NA,Decomp_Soil_Properties,NA,Heat_Extractor,NA,NA,Richness,Diversity,Composition,NA,No,NA,NA,NA,
215,Both,Landscape_Complexity,Proportion_Flowers,Intensity_Gradient,NA,NA,Livestock,NA,Cattle_Grazing,Sheep_Grazing,Europe,Spain,Mediterrane,Mediterrane,39.0270587,-6.81898585,NA,NA,Hymenoptera,Diptera,NA,Pollination,NA,Visual,NA,NA,Richness,Diversity,Abundance,NA,Yes,Nesting_Strategy,Social_Behaviour,Pollen_Collection_Behaviour,
216,No_Enviro_Variable,NA,NA,Organic,Conventional,NA,Orchid,NA,Avocado,NA,South_America,Mexico,Tropical_Subtropical,Tropical_Subtropical_Forest,NA,NA,Forest,NA,Hymenoptera,Diptera,NA,Pollination,NA,Visual,NA,NA,Richness,Diversity,NA,NA,No,NA,NA,NA,
217,Both,MEM,Elevation,Mixed_Input,NA,NA,Veg_Fruit_Ground,NA,Vineyard,NA,Europe,Switzerland,Temperate,Temperate_Forest,46.35,8.95,Forest,Alpine,Hemiptera,NA,NA,Bio_Indicators,NA,Pitfall_trap,Suction,Sweep_Netting,Abundance,Composition,NA,NA,Yes,Diet,Dispersal_Capacity,Generations_per_year,
218,Site,Flower_Avalibility,NA,IPM,NA,NA,Silvoarable,NA,Apple,Barely,Europe,England,Temperate,Temperate_Forest,52.988611,-0.910556,NA,NA,Plant_Dwelling,Surface_Active,Hymenoptera,Biological_Control,Pollination,Pitfall_trap,Sticky_Traps,Visual,Richness,Diversity,Abundance,Insect_Flower_Interactions,No,NA,NA,NA,
219,Both,Proportion_Flowers,Proportion_Farming,Organic,IPM,NA,Orchid,NA,Apple,NA,Europe,Multiple,Temperate,Temperate_Forest,NA,NA,Forest,NA,Plant_Dwelling,Hymenoptera,NA,Pollination,Biological_Control,Beat_Sheet,Visual,NA,Richness,Abundance,Insect_Flower_Interactions,NA,No,NA,NA,NA,
220,Both,Proportion_Flowers,Proportion_Habitat,Organic,Conventional,NA,Cropping,NA,Various_Crops,NA,Europe,England,Temperate,Temperate_Forest,NA,NA,Woodland,NA,Hymenoptera,Lepidoptera,Diptera,Pollination,NA,Visual,NA,NA,Abundance,Richness,NA,NA,No,NA,NA,NA,
221,Both,Proportion_Habitat,Proportion_Flowers,Unspecified,NA,NA,Cropping,NA,Oilseed_Rape_Fields,Sunflower,Europe,Multiple,Temperate,Temperate_Forest,NA,NA,Forest,Grassland,Hymenoptera,Diptera,NA,Pollination,NA,Visual,NA,NA,Density,NA,NA,NA,No,NA,NA,NA,
222,Landscape,Landscape_Complexity,NA,Unspecified,NA,NA,Cropping,NA,Ethiopian_Mustard,NA,North_America,USA,Temperate,Temperate_Grasslands,44.301122,-96.923428,NA,NA,Hymenoptera,Plant_Dwelling,NA,Pollination,Biological_Control,Sweep_Netting,NA,NA,Diversity,NA,NA,NA,No,NA,NA,NA,
223,No_Enviro_Variable,NA,NA,Conventional,NA,NA,Cropping,NA,Maize,NA,Europe,Germany,Temperate,Temperate_Forest,NA,NA,NA,NA,Hymenoptera,Diptera,Coleoptera,Pollination,Biological_Control,Pan_trap,Visual,NA,Diversity,Richness,Abundance,Evenness,Yes,Trophic_Group,NA,NA,
224,Landscape,Landscape_Complexity,NA,Intensity_Gradient,NA,NA,Cropping,NA,Wheat,NA,Europe,Hungary,Temperate,Temperate_Forest,NA,NA,Grassland,Forest,Aphididae,Arachnida,Coleoptera,Biological_Control,NA,Visual,Pitfall_trap,NA,Abundance,NA,NA,NA,No,NA,NA,NA,
225,No_Enviro_Variable,NA,NA,Unspecified,NA,NA,Cropping,Orchid,Mango,Citrus,Europe,Terceira_Island,Temperate,Temperate_Forest,38.638,-27.015,NA,NA,Surface_Active,Plant_Dwelling,NA,Biodiversity_Ecosystem_Resilience,NA,Pitfall_trap,Visual,NA,Abundance,NA,NA,NA,Yes,Trophic_Group,NA,NA,
226,Site,Soil_Properties,NA,Unspecified,NA,NA,Cropping,Livestock,Unspecified,Unspecified,South_America,Brazil,Tropical_Subtropical,Tropical_Subtropical_Forest,-27.799383,-50.595717,Forest,NA,Coleoptera,NA,NA,Decomp_Soil_Properties,Natural_Enemies,Soil_Monoliths,Pitfall_trap,NA,Density,Abundance,Diversity,Composition,Yes,Size,Dispersal_Capacity,Eyes_Presence_Absence ,
227,Site,Veg_Diversity,NA,Unspecified,NA,NA,Cropping,NA,Maize,Switchgrass,North_America,USA,Temperate,Temperate_Grasslands,NA,NA,Prairie,NA,Lepidoptera,NA,NA,Food_Source,Pollination,Light_trap,NA,NA,Diversity,Abundance,NA,NA,No,NA,NA,NA,
228,No_Enviro_Variable,NA,NA,Unspecified,NA,NA,Agroforestry,NA,Various,NA,Asia,India,Tropical_Subtropical,Tropical_Subtropical_Forest,11.32,76.39,Forest,NA,Lepidoptera,NA,NA,Bio_Indicators,Pollination,Visual,NA,NA,Richness,Abundance,Diversity,Evenness,No,NA,NA,NA,
229,No_Enviro_Variable,NA,NA,Low_Input,NA,NA,Veg_Fruit_Ground,NA,Cauliflower,NA,Asia,China,Tropical_Subtropical,Tropical_Subtropical_Forest,31.78,121.25,NA,NA,Plant_Dwelling,NA,NA,Biological_Control,NA,Visual,NA,NA,Abundance,Richness,Diversity,Composition,Yes,Trophic_Group,NA,NA,
230,Both,Distance_To_Habitat,NA,Unspecified,NA,NA,Cropping,NA,Mustard_Plant,NA,Asia,Nepal,Montane,Montane,NA,NA,Forest,NA,Hymenoptera,Diptera,Lepidoptera,Pollination,NA,Visual,NA,NA,Abundance,Richness,Diversity,Composition,No,NA,NA,NA,
231,Both,Proportion_Veg,Proportion_Farming,Organic,Conventional,NA,Veg_Fruit_Ground,NA,Vineyard,NA,Europe,Germany,Temperate,Temperate_Forest,NA,NA,Woodland,NA,Hymenoptera,Coleoptera,NA,Natural_Enemies,NA,Pitfall_trap,Trap_Nests,NA,Diversity,Abundance,Richness,NA,No,NA,NA,NA,
232,No_Enviro_Variable,NA,NA,Unspecified,NA,NA,Cropping,Livestock,Canola,Cattle_Grazing,North_America,Canada,Temperate,Temperate_Grasslands,NA,NA,Grassland,Forest,Hymenoptera,NA,NA,Pollination,NA,Pan_trap,Sweep_Netting,NA,Composition,Abundance,Richness,NA,No,NA,NA,NA,
233,No_Enviro_Variable,NA,NA,Unspecified,NA,NA,Veg_Fruit_Ground,NA,Watermelon,NA,North_America,USA,Temperate,Temperate_Forest,NA,NA,NA,NA,Hymenoptera,NA,NA,Pollination,NA,Visual,NA,NA,Insect_Flower_Interactions,NA,NA,NA,No,NA,NA,NA,
234,Site,Soil_Properties,Proportion_Veg,Conventional,NA,NA,Veg_Fruit_Ground,NA,Vineyard,NA,Africa,South_Africa,Desert,Desert,-33.92,18.86,NA,NA,Surface_Active,Plant_Dwelling,NA,Biodiversity_Ecosystem_Resilience,NA,Pitfall_trap,Suction,NA,Abundance,Richness,Composition,NA,No,NA,NA,NA,
235,No_Enviro_Variable,NA,NA,Conventional,NA,NA,Orchid,NA,Avocado,NA,South_America,Chile,Temperate,Temperate_Forest,-33.7,-71,NA,NA,Hymenoptera,Diptera,Coleoptera,Pollination,NA,Visual,NA,NA,Insect_Flower_Interactions,NA,NA,NA,No,NA,NA,NA,
236,Site,Soil_Properties,Proportion_Veg,Organic,Conventional,NA,Agroforestry,NA,Tea_Plantation,NA,Asia,India,Tropical_Subtropical,Tropical_Subtropical_Forest,26.8946,88.1453,Moist_Deciduous_Forest,Evergreen_Forest,Surface_Active,NA,NA,Biodiversity_Ecosystem_Resilience,NA,Pitfall_trap,NA,NA,Abundance,Richness,Diversity,Composition,No,NA,NA,NA,
237,Site,Flower_Abundance,NA,Conventional,NA,NA,Cropping,NA,Maize,Soybean,North_America,USA,Temperate,Temperate_Grasslands,NA,NA,NA,NA,Hymenoptera,NA,NA,Pollination,NA,Visual,NA,NA,Abundance,Survival,NA,NA,No,NA,NA,NA,
238,Site,Proportion_Habitat,NA,Low_Input,NA,NA,Veg_Fruit_Ground,NA,Cabbage,NA,Asia,South_Korea,Temperate,Temperate_Forest,38.216667,128.083333,Forest,NA,Plant_Dwelling,NA,NA,Pests_Herbivory,NA,Exclusion,Visual,NA,Density,Biomass,Herbivory_Rate,NA,No,NA,NA,NA,
239,Site,Proportion_Veg,NA,Organic,Conventional,IPM,Orchid,NA,Citrus,NA,Oceania,Australia,Desert,Desert,-34.183333,140,NA,NA,Endogeic_Community,NA,NA,Pests_Herbivory,NA,Soil_Monoliths,NA,NA,Abundance,NA,NA,NA,Yes,Specialised_Or_Not,NA,NA,
240,No_Enviro_Variable,NA,NA,Unspecified,NA,NA,Cropping,NA,Cotton,NA,Asia,China,Temperate,Temperate_Forest,40.174167,116.615278,NA,NA,Plant_Dwelling,NA,NA,Pests_Herbivory,NA,Visual,NA,NA,Richness,Abundance,Evenness,Dominance_Index,No,NA,NA,NA,
241,No_Enviro_Variable,NA,NA,Organic,IPM,NA,Silvoarable,NA,Acacia_Plantation,Wheat,Europe,England,Temperate,Temperate_Forest,NA,NA,NA,NA,Hymenoptera,Diptera,NA,Pollination,NA,Pan_trap,NA,NA,Diversity,Richness,NA,NA,Yes,Wing_Size,Generations_per_year,Flight_Length,
242,Site,Flower_Species,NA,Intensively_Managed,NA,NA,Cropping,Veg_Fruit_Ground,Cereal,Sugar_Beet,Europe,England,Temperate,Temperate_Forest,NA,NA,Woody_Thicket,NA,Hymenoptera,Diptera,Lepidoptera,Pollination,NA,Light_trap,Visual,Photo_Time_Lapse,NA,Diversity,Insect_Flower_Interactions,NA,Yes,Social_Behaviour,NA,NA,
243,Both,Proportion_Habitat,Water_Properties,Unspecified,NA,NA,Cropping,NA,Grass_for_Hay,Various_Crops,Europe,Germany,Temperate,Temperate_Forest,NA,NA,Grassland,Moist_Deciduous_Forest,Water_Community,NA,NA,Biodiversity_Ecosystem_Resilience,NA,Pond_Dipping_Net,NA,NA,Diversity,Composition,Richness,NA,No,NA,NA,NA,
244,Site,Proportion_Flowers,Veg_Height,Conventional,NA,NA,Cropping,NA,Various_Crops,NA,Europe,England,Temperate,Temperate_Forest,51.394167,-0.918889,NA,NA,Arachnida,NA,NA,Natural_Enemies,NA,Suction,NA,NA,Abundance,Richness,Diversity,Evenness,No,NA,NA,NA,
245,Site,Veg_Height,NA,Low_Input,NA,NA,Cropping,NA,Rice,NA,Europe,Italy,Temperate,Temperate_Forest,45.312506,8.588481,NA,NA,Odonata,NA,NA,Biodiversity_Ecosystem_Resilience,NA,Sweep_Netting,NA,NA,Richness,Abundance,NA,NA,No,NA,NA,NA,
246,Site,Flower_Species_Rich,Flower_Abundance,Conventional,NA,NA,Cropping,NA,Various_Crops,NA,Europe,England,Temperate,Temperate_Forest,NA,NA,Forest,NA,Hymenoptera,NA,NA,Pollination,NA,Visual,NA,NA,Abundance,Insect_Flower_Interactions,NA,NA,No,NA,NA,NA,
247,Site,Flower_Abundance,Proportion_Flowers,Unspecified,NA,NA,Cropping,NA,Wheat,Sugar_Beet,Europe,England,Temperate,Temperate_Forest,NA,NA,Moist_Deciduous_Forest,Conifer_Forests,Hymenoptera,Diptera,NA,Pollination,NA,Visual,Pan_trap,Photo_Time_Lapse,Abundance,Richness,Composition,NA,No,NA,NA,NA,
248,Landscape,Landscape_Complexity,NA,Organic,Conventional,,Cropping,NA,Barely,NA,Europe,Sweden,Boreal,Boreal,NA,NA,Grassland,NA,Hemiptera,Arachnida,Parasitoid,Biological_Control,NA,Suction,Visual,NA,Predation_Rate,Abundance,Parasitism,Composition,No,NA,NA,NA,
249,Both,Proportion_Habitat,Proportion_Farming,Organic,Conventional,Low_Input,Cropping,NA,Rice,NA,Asia,Japan,Temperate,Temperate_Forest,NA,NA,Forest,NA,Arachnida,Coleoptera,Odonata,Bio_Indicators,NA,Pond_Dipping_Net,Sweep_Netting,Visual,Abundance,NA,NA,NA,No,NA,NA,NA,
250,Both,Proportion_Farming,Proportion_Veg,Organic,Conventional,NA,Veg_Fruit_Ground,NA,Vineyard,NA,Europe,France,Temperate,Temperate_Forest,NA,NA,NA,NA,Lepidoptera,Parasitoid,NA,Biological_Control,NA,Visual,NA,NA,Parasitism,Composition,NA,NA,No,NA,NA,NA,
251,Both,Flower_Abundance,Proportion_Habitat,Organic,Conventional,NA,Livestock,NA,Dairy,NA,Europe,Ireland,Temperate,Temperate_Forest,NA,NA,Grassland,Woodland,Diptera,NA,NA,Pollination,Natural_Enemies,Visual,Pan_trap,NA,Richness,Abundance,NA,NA,No,NA,NA,NA,
252,Landscape,Proportion_Habitat,Proportion_Farming,Organic,Conventional,NA,Veg_Fruit_Ground,NA,Vineyard,NA,Europe,France,Temperate,Temperate_Forest,45.35,-0.233333,Grassland,Forest,Lepidoptera,NA,NA,Biological_Control,NA,Sentinel_Artificial_Prey,NA,NA,Predation_Rate,NA,NA,NA,No,NA,NA,NA,
253,Both,Proportion_Habitat,NA,Organic,Conventional,NA,Veg_Fruit_Ground,NA,Vineyard,NA,Europe,Italy,Temperate,Temperate_Forest,45.653333,12.4275,NA,NA,Hymenoptera,Lepidoptera,Diptera,Pollination,NA,Pan_trap,Visual,NA,Insect_Flower_Interactions,Richness,Abundance,Composition,No,NA,NA,NA,
254,Both,Proportion_Habitat,Flower_Abundance,Organic,Conventional,NA,Veg_Fruit_Ground,NA,Vineyard,NA,Multiple,Multiple,Mediterrane,Mediterrane,NA,NA,NA,NA,Hymenoptera,NA,NA,Pollination,NA,Pan_trap,NA,NA,Abundance,Richness,NA,NA,No,NA,NA,NA,
255,No_Enviro_Variable,NA,NA,Organic,Conventional,NA,Cropping,NA,Oats,NA,Europe,Sweden,Temperate,Temperate_Forest,58.343889,13.10375,NA,NA,Arachnida,Coleoptera,Aphididae,Biological_Control,NA,Exclusion,NA,NA,Abundance,Predation_Rate,NA,NA,No,NA,NA,NA,
256,No_Enviro_Variable,NA,NA,Organic,Conventional,NA,Cropping,NA,Maize,Bean,Africa,Kenya,Tropical_Subtropical,Tropical_Subtropical_Grasslands,NA,NA,NA,NA,Nematoda,NA,NA,Decomp_Soil_Properties,NA,Baermann_Technique,NA,NA,Richness,Diversity,Abundance,NA,Yes,Trophic_Group,NA,NA,
257,No_Enviro_Variable,NA,NA,Organic,Conventional,NA,Cropping,NA,Rice,NA,Asia,China,Tropical_Subtropical,Tropical_Subtropical_Forest,28.978444,121.351611,Forest,NA,Hemiptera,Plant_Dwelling,NA,Biological_Control,NA,Sweep_Netting,NA,NA,Richness,Abundance,Composition,Evenness,Yes,Trophic_Group,NA,NA,
258,Both,Proportion_Veg,Proportion_Habitat,Organic,Conventional,NA,Veg_Fruit_Ground,NA,Vineyard,NA,Europe,Italy,Temperate,Temperate_Forest,NA,NA,Grassland,Forest,Coleoptera,Arachnida,NA,Natural_Enemies,NA,Pitfall_trap,NA,NA,Richness,Abundance,NA,NA,Yes,Hunting_Style,Wing_Size,NA,
259,No_Enviro_Variable,NA,NA,Unspecified,NA,NA,Orchid,NA,Various_Fruits,NA,Asia,Iran,Desert,Desert,36.789461,54.366669,Forest,Grassland,Hymenoptera,NA,NA,Natural_Enemies,NA,Malaise_Trap,NA,NA,Diversity,Evenness,Richness,Composition,Yes,Trophic_Group,NA,NA,
260,Landscape,Habitat_Connectivity,Proportion_Habitat,Unspecified,NA,NA,Cropping,NA,Wheat,NA,Asia,China,Temperate,Temperate_Forest,NA,NA,Woodland,NA,Aphididae,NA,NA,Biological_Control,NA,Visual,NA,NA,Diversity,Parasitism,NA,NA,No,NA,NA,NA,
261,Landscape,Proportion_Habitat,NA,Organic,Conventional,NA,Veg_Fruit_Ground,NA,Cabbage,NA,Asia,South_Korea,Temperate,Temperate_Forest,38.216667,128.083333,Moist_Deciduous_Forest,Riparian,Aphididae,Plant_Dwelling,Surface_Active,Biological_Control,NA,Exclusion,Pitfall_trap,Visual,Density,Population_Change,Parasitism,NA,No,NA,NA,NA,
262,Site,Flower_Avalibility,NA,Low_Input,NA,NA,Cropping,NA,Wheat,NA,Europe,Belgium,Temperate,Temperate_Forest,50.5675,4.7075,Grassland,NA,Aphididae,Plant_Dwelling,Flying_Community,Biological_Control,NA,Pan_trap,Visual,NA,Abundance,NA,NA,NA,No,NA,NA,NA,
263,Site,Soil_Properties,NA,Unspecified,NA,NA,Cropping,NA,Wheat,NA,Europe,Austria,Temperate,Temperate_Forest,NA,NA,NA,NA,Opisthopora,Collembola,NA,Decomp_Soil_Properties,NA,Toothpick,Pitfall_trap,NA,Activity,NA,NA,NA,No,NA,NA,NA,"Toothpick = placed toothpicks in soil and when worms come to surface they knock toothpicks over, therfore knocked over toothpicks as a proxy for activity"
264,Site,Veg_Diversity,NA,Conventional,NA,NA,Orchid,NA,Peach,NA,Asia,China,Temperate,Temperate_Forest,31.03,121.41,NA,NA,Plant_Dwelling,NA,NA,Biological_Control,NA,Beat_Sheet,NA,NA,Abundance,Niche_Breadth,NA,NA,No,NA,NA,NA,
265,Landscape,Isolation,NA,Unspecified,NA,NA,Cropping,Agroforestry,Rice,Various_AgForestry,Asia,Philippines,Tropical_Subtropical,Tropical_Subtropical_Forest,NA,NA,NA,NA,Hymenoptera,NA,NA,Pollination,NA,Visual,NA,NA,Diversity,Richness,Abundance,Insect_Flower_Interactions,Yes,Size,Nesting_Strategy,Tongue_Length,
266,Site,Veg_Diversity,NA,Unspecified,NA,NA,Veg_Fruit_Ground,Cropping,Bean,Maize,Africa,Tanzania,Tropical_Subtropical,Tropical_Subtropical_Grasslands,-3.166667,37.166667,NA,NA,Plant_Dwelling,Flying_Community,Aphididae,Natural_Enemies,NA,Sweep_Netting,Sticky_Traps,Visual,Abundance,NA,NA,NA,No,NA,NA,NA,
267,Site,Soil_Properties,NA,Conventional,NA,NA,Veg_Fruit_Ground,NA,Strawberry,NA,Europe,Germany,Temperate,Temperate_Forest,NA,NA,NA,NA,Endogeic_Community,Surface_Active,NA,Decomp_Soil_Properties,NA,Pitfall_trap,Soil_Monoliths,NA,Diversity,Activity,Abundance,Composition,No,NA,NA,NA,
268,Landscape,Proportion_Habitat,NA,Unspecified,NA,NA,Orchid,NA,Apple,NA,North_America,Canada,Temperate,Temperate_Forest,NA,NA,Forest,Meadow,Hymenoptera,NA,NA,Pollination,NA,Sweep_Netting,Visual,NA,Abundance,Composition,Diversity,NA,Yes,Size,Social_Behaviour,Foraging_Type,
269,Landscape,Distance_To_Habitat,NA,Organic,Conventional,NA,Orchid,NA,Mango,NA,Africa,South_Africa,Tropical_Subtropical,Tropical_Subtropical_Grasslands,-24.516667,30.733333,NA,NA,Hymenoptera,Formicidae,NA,Pollination,NA,Visual,Exclusion,NA,Abundance,Richness,Insect_Flower_Interactions,NA,No,NA,NA,NA,
270,No_Enviro_Variable,NA,NA,Low_Input,NA,NA,Veg_Fruit_Ground,NA,Blueberry,NA,North_America,USA,Temperate,Temperate_Forest,NA,NA,Forest,Wetland,Hymenoptera,NA,NA,Pollination,NA,Visual,NA,NA,Abundance,NA,NA,NA,Yes,Size,NA,NA,
271,Landscape,Proportion_Habitat,NA,Intensity_Gradient,NA,NA,Orchid,NA,Cherry,NA,Europe,Belgium,Temperate,Temperate_Forest,NA,NA,Grassland,Forest,Hymenoptera,NA,NA,Pollination,NA,Visual,NA,NA,Abundance,Richness,NA,NA,No,NA,NA,NA,
272,No_Enviro_Variable,NA,NA,Unspecified,NA,NA,Unspecified,NA,Unspecified,NA,North_America,USA,Temperate,Temperate_Forest,NA,NA,NA,NA,Hymenoptera,Lepidoptera,Diptera,Pollination,NA,Visual,Suction,NA,Abundance,Richness,NA,NA,No,NA,NA,NA,
273,No_Enviro_Variable,NA,NA,Unspecified,NA,NA,Orchid,Veg_Fruit_Ground,Apple,Various_Fruits,Europe,Slovenia,Temperate,Temperate_Forest,46.16735,14.680169,NA,NA,Hymenoptera,Diptera,NA,Pollination,NA,Visual,NA,NA,Activity,Composition,NA,NA,No,NA,NA,NA,
274,No_Enviro_Variable,NA,NA,Unspecified,NA,NA,Cropping,NA,Wheat,NA,Europe,France,Temperate,Temperate_Forest,49.35,2.15,Woodland,NA,Coleoptera,Arachnida,NA,Natural_Enemies,NA,Pitfall_trap,NA,NA,Abundance,Richness,Evenness,NA,No,NA,NA,NA,
275,Site,Soil_Properties,NA,Unspecified,NA,NA,Cropping,NA,Wheat,NA,South_America,Brazil,Tropical_Subtropical,Tropical_Subtropical_Forest,-2.321389,-44.428333,Forest,NA,Endogeic_Community,NA,NA,Decomp_Soil_Properties,NA,Soil_Monoliths,NA,NA,Composition,Density,Richness,NA,No,NA,NA,NA,
276,No_Enviro_Variable,NA,NA,Unspecified,NA,NA,Cropping,NA,Maize,Soybean,North_America,USA,Temperate,Temperate_Grasslands,NA,NA,Prairie,NA,Flying_Community,Plant_Dwelling,NA,Biodiversity_Ecosystem_Resilience,NA,Sweep_Netting,Suction,NA,Richness,Abundance,NA,NA,No,NA,NA,NA,
277,Landscape,Proportion_Habitat,NA,Conventional,Minimal_Management,NA,Veg_Fruit_Ground,NA,Vineyard,NA,Europe,France,Temperate,Temperate_Forest,NA,NA,Grassland,Woodland,Arachnida,Lepidoptera,Hemiptera,Biological_Control,NA,Beat_Sheet,Visual,eDNA_Gut_Analysis,Density,Predation_Rate,NA,NA,No,NA,NA,NA,
278,Both,Distance_To_Habitat,Veg_Height,Unspecified,NA,NA,Agroforestry,NA,Oil_Palm_Plantation,Rubber_Plantation,Asia,Malaysia,Tropical_Subtropical,Tropical_Subtropical_Forest,2.6203,102.057744,Forest,NA,Plant_Dwelling,NA,NA,Biological_Control,NA,Sentinel_Artificial_Prey,NA,NA,Predation_Rate,NA,NA,NA,No,NA,NA,NA,
279,No_Enviro_Variable,NA,NA,Conventional,IPM,NA,Cropping,NA,Maize,NA,Multiple,Multiple,Various,Various,NA,NA,NA,NA,Plant_Dwelling,NA,NA,Biological_Control,NA,Sentinel_Artificial_Prey,NA,NA,Predation_Rate,NA,NA,NA,No,NA,NA,NA,
280,Landscape,Proportion_Habitat,NA,Conventional,NA,NA,Cropping,NA,Cereal,NA,Europe,Sweden,Boreal,Boreal,NA,NA,Grassland,NA,Surface_Active,Plant_Dwelling,NA,Biological_Control,NA,Exclusion,Sentinel_Artificial_Prey,NA,Predation_Rate,NA,NA,NA,No,NA,NA,NA,
281,No_Enviro_Variable,NA,NA,Low_Input,NA,NA,Veg_Fruit_Ground,NA,Vineyard,NA,Oceania,Australia,Mediterrane,Mediterrane,NA,NA,NA,NA,Surface_Active,Plant_Dwelling,NA,Biological_Control,NA,Sweep_Netting,Beat_Sheet,Pitfall_trap,Richness,Abundance,NA,NA,Yes,Trophic_Group,NA,NA,
282,No_Enviro_Variable,NA,NA,Organic,Conventional,NA,Cropping,NA,Wheat,Barely,Europe,France,Temperate,Temperate_Forest,NA,NA,NA,NA,Coleoptera,Arachnida,NA,Natural_Enemies,NA,Pitfall_trap,NA,NA,Activity,Richness,NA,NA,Yes,Trophic_Group,NA,NA,
283,No_Enviro_Variable,NA,NA,AgEnviroScheme,Ecological_Compensation_Areas,NA,Cropping,NA,Grass_for_Hay,NA,Europe,Switzerland,Temperate,Temperate_Forest,NA,NA,Meadow,Forest,Hymenoptera,NA,NA,Pollination,NA,Pan_trap,NA,NA,Abundance,Richness,Diversity,NA,No,NA,NA,NA,
284,No_Enviro_Variable,NA,NA,Unspecified,NA,NA,Unspecified,NA,Unspecified,NA,Europe,Sweden,Temperate,Temperate_Forest,NA,NA,Forest,Wetland,Surface_Active,Flying_Community,NA,Biodiversity_Ecosystem_Resilience,NA,Pitfall_trap,Pan_trap,Malaise_Trap,Richness,Diversity,Abundance,NA,Yes,Trophic_Group,NA,NA,
285,Both,Proportion_Flowers,Proportion_Habitat,Organic,Conventional,NA,Cropping,NA,Barely,Wheat,Europe,Sweden,Boreal,Boreal,NA,NA,Grassland,NA,Hymenoptera,NA,NA,Pollination,NA,Visual,NA,NA,Richness,Abundance,NA,NA,No,NA,NA,NA,
286,Site,Flower_Species_Rich,NA,Unspecified,NA,NA,Cropping,NA,Maize,Soybean,North_America,USA,Temperate,Temperate_Grasslands,40.33749,-92.2492,NA,NA,Hymenoptera,NA,NA,Pollination,NA,Vane_Trap,Visual,NA,Abundance,Richness,NA,NA,No,NA,NA,NA,
287,Site,Proportion_Veg,NA,IPM,Organic,NA,Orchid,NA,Kiwi,NA,Oceania,New_Zealand,Temperate,Temperate_Forest,NA,NA,NA,NA,Surface_Active,NA,NA,Biodiversity_Ecosystem_Resilience,NA,Pitfall_trap,NA,NA,Diversity,Richness,Abundance,Composition,Yes,Trophic_Group,NA,NA,
288,Site,Landscape_Complexity,NA,Unspecified,NA,NA,Agroforestry,Livestock,Oil_Palm_Plantation,Cattle_Grazing,South_America,Colombia,Tropical_Subtropical,Tropical_Subtropical_Forest,NA,NA,Forest,Grassland,Coleoptera,NA,NA,Decomp_Soil_Properties,NA,Baited_Pitfall,NA,NA,Richness,Diversity,Abundance,NA,Yes,Size,Diet,Time_Active,
289,No_Enviro_Variable,NA,NA,Unspecified,NA,NA,Agroforestry,NA,Oil_Palm_Plantation,NA,Asia,Indonesia,Tropical_Subtropical,Tropical_Subtropical_Forest,0.932222,101.185,Forest,NA,Endogeic_Community,Surface_Active,NA,Decomp_Soil_Properties,NA,Soil_Monoliths,Leaf_Litter_Sample,NA,Richness,Abundance,Composition,NA,No,NA,NA,NA,
290,No_Enviro_Variable,NA,NA,Organic,Conventional,NA,Livestock,NA,Dairy,NA,Europe,Netherlands,Temperate,Temperate_Forest,52.140583,4.838778,Grassland,NA,Coleoptera,Diptera,Opisthopora,Decomp_Soil_Properties,NA,Artifical_Dung_Pat,Pitfall_trap,Soil_Monoliths,Abundance,NA,NA,NA,No,NA,NA,NA,
291,Landscape,Proportion_Habitat,Landscape_Complexity,Mixed_Input,NA,NA,Cropping,NA,Oilseed_Rape_Fields,Silver_Grass,Europe,Ireland,Temperate,Temperate_Forest,NA,NA,Grassland,Woodland,Hymenoptera,Coleoptera,Diptera,Biodiversity_Ecosystem_Resilience,NA,Pitfall_trap,Pan_trap,NA,Richness,Diversity,Abundance,NA,No,NA,NA,NA,
292,Both,Proportion_Habitat,Tree_Richness,Unspecified,NA,NA,Agroforestry,NA,Coffee,NA,North_America,Mexico,Tropical_Subtropical,Tropical_Subtropical_Forest,15.202,-92.383,Evergreen_Forest,NA,Arachnida,NA,NA,Natural_Enemies,NA,Pitfall_trap,NA,NA,Richness,Abundance,Composition,NA,Yes,Hunting_Style,NA,NA,
293,Site,Soil_Properties,NA,Intensity_Gradient,NA,NA,Silvopastoral,NA,Unspecified,NA,North_America,Mexico,Tropical_Subtropical,Tropical_Subtropical_Forest,19.215278,-96.525833,Forest,NA,Coleoptera,NA,NA,Bio_Indicators,NA,Baited_Pitfall,NA,NA,Abundance,Biomass,Richness,Composition,No,NA,NA,NA,
294,Both,Landscape_Complexity,Proportion_Flowers,Intensity_Gradient,NA,NA,Veg_Fruit_Ground,NA,Vineyard,NA,Europe,Multiple,Various,Various,NA,NA,NA,NA,Hymenoptera,NA,NA,Pollination,NA,Visual,NA,NA,Abundance,Diversity,Richness,Composition,Yes,Nesting_Strategy,Social_Behaviour,Size,
295,No_Enviro_Variable,NA,NA,Organic,NA,NA,Veg_Fruit_Ground,NA,Strawberry,NA,North_America,USA,Temperate,Temperate_Forest,NA,NA,NA,NA,Plant_Dwelling,Surface_Active,NA,Biological_Control,NA,Pitfall_trap,Suction,NA,Abundance,NA,NA,NA,Yes,Trophic_Group,NA,NA,
296,Both,Landscape_Complexity,Flower_Species_Rich,Unspecified,NA,NA,Cropping,Livestock,Silage,Livestock_Grazing,Europe,Scotland,Temperate,Temperate_Forest,55.547222,-4.366667,Riparian,Grassland,Hymenoptera,Lepidoptera,NA,Pollination,NA,Visual,NA,NA,Insect_Flower_Interactions,Richness,Abundance,Evenness,No,NA,NA,NA,
297,Site,Tree_Density,Proportion_Bare_Ground,Unspecified,NA,NA,Unspecified,NA,Unspecified,NA,Europe,Romania,Temperate,Temperate_Forest,NA,NA,Riparian,Forest,Surface_Active,Plant_Dwelling,NA,Biodiversity_Ecosystem_Resilience,NA,Visual,Sweep_Netting,NA,Diversity,Richness,Evenness,Composition,No,NA,NA,NA,
298,No_Enviro_Variable,NA,NA,Unspecified,NA,NA,Unspecified,NA,Unspecified,NA,Europe,Czech_Republic,Temperate,Temperate_Forest,50.316667,13.116667,Grassland,Forest,Hymenoptera,NA,NA,Pollination,NA,Pan_trap,NA,NA,Richness,Diversity,Composition,NA,No,NA,NA,NA,
299,Site,Flower_Species_Rich,Flower_Abundance,Organic,NA,NA,Orchid,NA,Apple,NA,Europe,Spain,Temperate,Temperate_Forest,43.5,-5.5,NA,NA,Hymenoptera,Diptera,NA,Pollination,NA,Visual,Sweep_Netting,NA,Richness,Diversity,Insect_Flower_Interactions,NA,No,NA,NA,NA,
300,Both,Soil_Properties,Landscape_Complexity,AgEnviroScheme,NA,NA,Cropping,NA,Wheat,NA,Europe,Hungary,Temperate,Temperate_Forest,NA,NA,Grassland,NA,Coleoptera,Arachnida,NA,Natural_Enemies,NA,Pitfall_trap,NA,NA,Abundance,Richness,Activity,NA,Yes,Size,Hunting_Style,Specialised_Or_Not,
301,Landscape,Proportion_Habitat,NA,Unspecified,NA,NA,Veg_Fruit_Ground,NA,Strawberry,Raspberry,Europe,Scotland,Temperate,Temperate_Forest,NA,NA,Grassland,Woodland,Hymenoptera,Diptera,NA,Pollination,NA,Visual,Exclusion,NA,Abundance,Insect_Flower_Interactions,NA,NA,No,NA,NA,NA,
302,No_Enviro_Variable,NA,NA,Unspecified,NA,NA,Livestock,NA,Cattle_Grazing,NA,South_America,Colombia,Tropical_Subtropical,Tropical_Subtropical_Forest,NA,NA,Forest,NA,Coleoptera,NA,NA,Decomp_Soil_Properties,NA,Baited_Pitfall,NA,NA,Richness,Diversity,Evenness,Abundance,Yes,Size,Time_Active,Diet,
303,No_Enviro_Variable,NA,NA,AgEnviroScheme,NA,NA,Veg_Fruit_Ground,NA,Potato,NA,North_America,USA,Temperate,Temperate_Forest,NA,NA,Woodland,Savannah,Coleoptera,NA,NA,Natural_Enemies,NA,Pitfall_trap,Sentinel_Artificial_Prey,NA,Abundance,Diversity,Composition,Predation_Rate,No,NA,NA,NA,
304,No_Enviro_Variable,NA,NA,Conventional,Conservation_Agriculture,NA,Cropping,NA,Soybean,Maize,Europe,Italy,Temperate,Temperate_Forest,NA,NA,Woodland,NA,Coleoptera,Formicidae,Orthoptera,Natural_Enemies,NA,Pitfall_trap,Sentinel_Artificial_Prey,NA,Abundance,Activity,Predation_Rate,NA,Yes,Diet,Size,NA,
305,Landscape,Proportion_Farming,NA,Conventional,Small_Scale_Farm,NA,Cropping,NA,Maize,NA,Africa,Kenya,Tropical_Subtropical,Tropical_Subtropical_Grasslands,0.185833,34.98,NA,NA,Surface_Active,Plant_Dwelling,NA,Biodiversity_Ecosystem_Resilience,NA,Pitfall_trap,Sweep_Netting,NA,Richness,Composition,Evenness,Abundance,Yes,Trophic_Group,NA,NA,
306,Site,Soil_Properties,NA,QSMAS,Conventional,NA,Cropping,NA,Maize,Bean,North_America,Nicaragua,Tropical_Subtropical,Tropical_Subtropical_Forest,13.1525,-86.858889,Forest,NA,Endogeic_Community,Surface_Active,NA,Bio_Indicators,NA,Soil_Monoliths,Leaf_Litter_Sample,Pitfall_trap,Abundance,Diversity,Richness,NA,No,NA,NA,NA,
307,Site,Soil_Properties,NA,Commercial,NA,NA,Cropping,NA,Sugarcane,NA,South_America,Brazil,Tropical_Subtropical,Tropical_Subtropical_Forest,NA,NA,NA,NA,Endogeic_Community,NA,NA,Decomp_Soil_Properties,NA,Soil_Monoliths,NA,NA,Abundance,Diversity,Richness,Composition,No,NA,NA,NA,
308,Site,Landscape_Complexity,Soil_Properties,Conventional,NA,NA,Livestock,NA,Cattle_Grazing,NA,South_America,Multiple,Various,Various,NA,NA,Forest,NA,Endogeic_Community,NA,NA,Decomp_Soil_Properties,NA,Soil_Monoliths,NA,NA,Abundance,Composition,Richness,NA,No,NA,NA,NA,
309,Site,Flower_Species_Rich,NA,AgEnviroScheme,NA,NA,Veg_Fruit_Ground,NA,Vineyard,NA,Europe,England,Temperate,Temperate_Forest,50.797,0.125,NA,NA,Hymenoptera,Diptera,NA,Pollination,NA,Visual,Pan_trap,NA,Abundance,Richness,Composition,NA,No,NA,NA,NA,
310,No_Enviro_Variable,NA,NA,Unspecified,NA,NA,Cropping,Aquaculture,Rice,Fish,Asia,China,Temperate,Temperate_Forest,30.913,121.377,NA,NA,Plant_Dwelling,NA,NA,Biological_Control,NA,Beat_Sheet,Visual,NA,Abundance,Spatial_Aggregation,NA,NA,Yes,Trophic_Group,NA,NA,
311,No_Enviro_Variable,NA,NA,Agroecological,NA,NA,Cropping,NA,Cotton,Sesame,Africa,Burkina_Faso,Tropical_Subtropical,Tropical_Subtropical_Grasslands,11.149046,-3.060124,Savannah,NA,Hymenoptera,NA,NA,Pollination,NA,Pan_trap,NA,NA,Abundance,Diversity,Richness,NA,No,NA,NA,NA,
312,No_Enviro_Variable,NA,NA,Unspecified,NA,NA,Cropping,NA,Mustard_Plant,NA,Oceania,New_Zealand,Temperate,Temperate_Forest,-43.631644,172.484433,NA,NA,Hymenoptera,NA,NA,Pollination,NA,Visual,NA,NA,Abundance,Insect_Flower_Interactions,NA,NA,No,NA,NA,NA,
313,No_Enviro_Variable,NA,NA,Unspecified,NA,NA,Orchid,NA,Apple,Cherry,Oceania,Australia,Temperate,Temperate_Forest,-33.4994,150.5147,Forest,NA,Diptera,NA,NA,Pollination,NA,Pan_trap,Visual,NA,Diversity,Richness,Composition,Insect_Flower_Interactions,No,NA,NA,NA,
314,Site,Flower_Species,NA,Commercial,NA,NA,Cropping,NA,Sunflower,NA,South_America,Argentina,Temperate,Temperate_Grasslands,-26.884722,-60.412222,NA,NA,Flying_Community,Plant_Dwelling,NA,Pollination,NA,Visual,NA,NA,Insect_Flower_Interactions,NA,NA,NA,Yes,Trophic_Group,NA,NA,
315,Site,Proportion_Flowers,Veg_Species_Rich,Conventional,AgEnviroScheme,NA,Livestock,Pasture,Dairy,Grass,Europe,Germany,Temperate,Temperate_Forest,54.466667,9.966667,NA,NA,Hymenoptera,NA,NA,Pollination,NA,Sweep_Netting,NA,NA,Abundance,Diversity,NA,NA,No,NA,NA,NA,
316,No_Enviro_Variable,NA,NA,Unspecified,NA,NA,Veg_Fruit_Ground,NA,Blueberry,Cucumber,North_America,USA,Temperate,Temperate_Forest,NA,NA,NA,NA,Arachnida,NA,NA,Natural_Enemies,NA,Pitfall_trap,Sweep_Netting,Pan_trap,Abundance,Richness,Diversity,NA,Yes,Hunting_Style,NA,NA,
317,Site,Flower_Diversity,NA,Conventional,NA,NA,Cropping,NA,Oilseed_Rape_Fields,Wheat,Europe,England,Temperate,Temperate_Forest,-1.1860291,51.633256,NA,NA,Plant_Dwelling,Surface_Active,Flying_Community,Biological_Control,Pollination,Exclusion,Visual,,Population_Change,Density,NA,NA,Yes,Microhabitat_Preference,NA,NA,
318,Both,Proportion_Habitat,Flower_Species,Commercial,NA,NA,Veg_Fruit_Ground,NA,Vineyard,NA,North_America,USA,Temperate,Temperate_Forest,NA,NA,Woodland,Riparian,Hymenoptera,NA,NA,Pollination,NA,Sweep_Netting,NA,NA,Abundance,Diversity,Richness,NA,No,NA,NA,NA,
319,Site,Proportion_Veg,Veg_Composition,Organic,Integrated_Production,NA,Veg_Fruit_Ground,NA,Vineyard,NA,Africa,South_Africa,Mediterrane,Mediterrane,-33.916667,18.25,Shrublands,NA,Surface_Active,NA,NA,Biodiversity_Ecosystem_Resilience,NA,Pitfall_trap,NA,NA,Richness,Composition,NA,NA,Yes,Trophic_Group,NA,NA,
320,Landscape,Proportion_Habitat,Proportion_Farming,Organic,Conventional,NA,Unspecified,NA,Unspecified,NA,Europe,Netherlands,Temperate,Temperate_Forest,NA,NA,Woodland,Woodland,Plant_Dwelling,Flying_Community,NA,Natural_Enemies,Pollination,Sweep_Netting,Sticky_Traps,NA,Abundance,NA,NA,NA,Yes,Trophic_Group,NA,NA,
321,Landscape,Proportion_Habitat,NA,Conventional,NA,NA,Orchid,NA,Apple,NA,Asia,China,Temperate,Temperate_Forest,40.033333,115.833333,Woodland,Grassland,Coleoptera,Arachnida,NA,Natural_Enemies,Decomp_Soil_Properties,Pitfall_trap,NA,NA,Abundance,Richness,NA,NA,Yes,Hunting_Style,Diet,NA,
322,Both,Proportion_Veg,Patch_Density,Unspecified,NA,NA,Cropping,NA,Cereal,NA,Oceania,Australia,Temperate,Temperate_Forest,NA,NA,NA,NA,Plant_Dwelling,NA,NA,Biological_Control,NA,Suction,Beat_Sheet,NA,Density,NA,NA,NA,No,NA,NA,NA,
323,Site,Proportion_Veg,NA,Unspecified,NA,NA,Cropping,NA,Oilseed_Rape_Fields,NA,Europe,Czech_Republic,Temperate,Temperate_Forest,NA,NA,NA,NA,Coleoptera,NA,NA,Natural_Enemies,NA,Pitfall_trap,NA,NA,Richness,Activity,Composition,NA,No,NA,NA,NA,
324,Site,Proportion_Veg,Leaf_Litter_Depth,Commercial,NA,NA,Agroforestry,NA,Coffee,Rubber_Plantation,Asia,Vietnam,Tropical_Subtropical,Tropical_Subtropical_Forest,12.783333,107.483333,Forest,Grassland,Isoptera,NA,NA,Decomp_Soil_Properties,NA,Visual,NA,NA,Richness,Composition,Diversity,Abundance,Yes,Diet,NA,NA,
325,Landscape,Distance_To_Habitat,Habitat_Connectivity,AgEnviroScheme,NA,NA,Cropping,NA,Oilseed_Rape_Fields,NA,Europe,Germany,Temperate,Temperate_Forest,NA,NA,Forest,NA,Hymenoptera,Parasitoid,NA,Pollination,Natural_Enemies,Trap_Nests,NA,NA,Richness,Abundance,Parasitism,Mortality_Rate,No,NA,NA,NA,
326,Site,Flower_Species,NA,Low_Input,NA,NA,Agroforestry,NA,Coffee,NA,North_America,Costa_Rica,Tropical_Subtropical,Tropical_Subtropical_Forest,10.283333,-84.8,Forest,NA,Hymenoptera,NA,NA,Pollination,NA,Visual,Malaise_Trap,NA,Density,Richness,NA,NA,Yes,Social_Behaviour,NA,NA,
327,Site,Soil_Properties,NA,Intensity_Gradient,NA,NA,Cropping,NA,Corn,Wheat,South_America,Argentina,Temperate,Temperate_Grasslands,-34.396667,-60.541389,Grassland,NA,Opisthopora,NA,NA,Decomp_Soil_Properties,NA,Soil_Monoliths,NA,NA,Abundance,Composition,Biomass,NA,No,NA,NA,NA,
328,No_Enviro_Variable,NA,NA,Unspecified,NA,NA,Veg_Fruit_Ground,Cropping,Vineyard,Various_Crops,Europe,Italy,Temperate,Temperate_Forest,44.766667,11.016667,NA,NA,Coleoptera,Arachnida,Surface_Active,Biological_Control,NA,Pitfall_trap,NA,NA,Abundance,Activity,Diversity,NA,Yes,Diet,Size,NA,
329,Landscape,Proportion_Habitat,NA,Conventional,IPM,NA,Cropping,NA,Corn,NA,Africa,Kenya,Tropical_Subtropical,Tropical_Subtropical_Grasslands,NA,NA,NA,NA,Coleoptera,NA,NA,Biological_Control,NA,Hand_Search,NA,NA,Predation_Rate,NA,NA,NA,Yes,Size,NA,NA,
330,No_Enviro_Variable,NA,NA,Conventional,NA,NA,Veg_Fruit_Ground,NA,Vineyard,NA,Europe,Italy,Temperate,Temperate_Forest,45.653333,12.4275,NA,NA,Hymenoptera,Diptera,Lepidoptera,Pollination,NA,Visual,NA,NA,Richness,Abundance,NA,NA,No,NA,NA,NA,
331,No_Enviro_Variable,NA,NA,Conventional,Organic,NA,Cropping,NA,Corn,Bean,Africa,Kenya,Tropical_Subtropical,Tropical_Subtropical_Grasslands,NA,NA,NA,NA,Isoptera,NA,NA,Bio_Indicators,NA,Leaf_Litter_Sample,Soil_Monoliths,NA,Abundance,Activity,Occurrence,Diversity,No,NA,NA,NA,
332,No_Enviro_Variable,NA,NA,Conventional,NA,NA,Cropping,NA,Soybean,NA,North_America,USA,Temperate,Temperate_Grasslands,NA,NA,NA,NA,Aphididae,Plant_Dwelling,NA,Biological_Control,NA,Sweep_Netting,Exclusion,Visual,Abundance,Composition,NA,NA,No,NA,NA,NA,
333,Site,Distance_To_Habitat,Proportion_Veg,Conventional,Conservation_Agriculture,NA,Cropping,NA,Wheat,Barely,Europe,Denmark,Temperate,Temperate_Forest,55.26,11.33,NA,NA,Coleoptera,Arachnida,NA,Natural_Enemies,NA,Pitfall_trap,NA,NA,Activity,Abundance,NA,NA,Yes,Size,NA,NA,
334,Site,Veg_Type,NA,Unspecified,NA,NA,Veg_Fruit_Ground,NA,Vineyard,NA,Oceania,New_Zealand,Temperate,Temperate_Grasslands,NA,NA,Shrublands,NA,Lepidoptera,NA,NA,Biodiversity_Ecosystem_Resilience,NA,Visual,NA,NA,Abundance,Richness,NA,NA,No,NA,NA,NA,
335,Landscape,Proportion_Habitat,Proportion_Farming,Unspecified,NA,NA,Orchid,NA,Almond_Orchid,NA,North_America,USA,Temperate,Temperate_Grasslands,NA,NA,Grassland,Wetland,Hymenoptera,NA,NA,Pollination,NA,Visual,NA,NA,Population_Change,NA,NA,NA,No,NA,NA,NA,
336,No_Enviro_Variable,NA,NA,IPM,Ecological_Cultivation,NA,Orchid,NA,Apple,NA,Europe,Poland,Temperate,Temperate_Forest,49.82,22.79,Woodland,NA,Coleoptera,NA,NA,Natural_Enemies,NA,Pan_trap,NA,NA,Composition,Richness,NA,NA,No,NA,NA,NA,
337,No_Enviro_Variable,NA,NA,Conventional,Agroecological,NA,Agroforestry,Veg_Fruit_Ground,Various_AgForestry,Various_Veg,South_America,Brazil,Tropical_Subtropical,Tropical_Subtropical_Grasslands,-15.5775,-47.740833,NA,NA,Plant_Dwelling,NA,NA,Biological_Control,NA,Sweep_Netting,Suction,NA,Diversity,Abundance,Richness,NA,Yes,Trophic_Group,NA,NA,
338,No_Enviro_Variable,NA,NA,Intensity_Gradient,NA,NA,Livestock,Cropping,Dairy,Various_Crops,Oceania,New_Zealand,Temperate,Temperate_Grasslands,NA,NA,NA,NA,Hymenoptera,Diptera,NA,Pollination,NA,Flight_interception_traps,Pan_trap,NA,Richness,Composition,NA,NA,Yes,Size,Diet,Social_Behaviour,
339,Site,Proportion_Veg,Canopy_Cover,Conventional,NA,NA,Agroforestry,NA,Oil_Palm_Plantation,NA,Asia,Indonesia,Tropical_Subtropical,Tropical_Subtropical_Forest,-1.95,103.25,Lowland_Dipterocarp_Forest,NA,Flying_Community,NA,NA,Pollination,Biological_Control,Sweep_Netting,Visual,NA,Abundance,NA,NA,NA,Yes,Trophic_Group,NA,NA,
340,Site,Weed_Richness,NA,Conventional,NA,NA,Cropping,NA,Oilseed_Rape_Fields,Wheat,Europe,Multiple,Temperate,Temperate_Forest,NA,NA,NA,NA,Coleoptera,NA,NA,Natural_Enemies,NA,Suction,Pitfall_trap,Visual,Composition,Density,NA,NA,Yes,Diet,NA,NA,
341,Site,Leaf_Hairiness,NA,Organic,Conventional,NA,Cropping,Veg_Fruit_Ground,Wheat,Vineyard,Europe,Italy,Temperate,Temperate_Forest,NA,NA,Woodland,NA,Mites,NA,NA,Natural_Enemies,NA,Collected_Veg,NA,NA,Abundance,Composition,NA,NA,No,NA,NA,NA,
342,No_Enviro_Variable,NA,NA,Conventional,NA,NA,Cropping,NA,Sugar_Beet,Oilseed_Rape_Fields,Europe,Multiple,Temperate,Temperate_Forest,NA,NA,Grassland,NA,Plant_Dwelling,NA,NA,Food_Source,NA,Suction,NA,NA,Abundance,NA,NA,NA,No,NA,NA,NA,
343,No_Enviro_Variable,NA,NA,Intensity_Gradient,NA,NA,Livestock,NA,Sheep_Grazing,Cattle_Grazing,Europe,Ireland,Temperate,Temperate_Forest,NA,NA,NA,NA,Hymenoptera,NA,NA,Pollination,NA,Malaise_Trap,NA,NA,Richness,Abundance,NA,NA,No,NA,NA,NA,
344,Both,Proportion_Habitat,Proportion_Veg,Organic,Conventional,NA,Cropping,NA,Wheat,Barely,Europe,England,Temperate,Temperate_Forest,NA,NA,NA,NA,Plant_Dwelling,NA,NA,Biodiversity_Ecosystem_Resilience,NA,Suction,NA,NA,Abundance,Biomass,NA,NA,Yes,Trophic_Group,NA,NA,
345,Site,Veg_Species_Rich,Proportion_Veg,Organic,Conventional,NA,Veg_Fruit_Ground,NA,Vineyard,NA,Europe,France,Mediterrane,Mediterrane,NA,NA,NA,NA,Plant_Dwelling,Surface_Active,NA,Biodiversity_Ecosystem_Resilience,NA,Pitfall_trap,Sticky_Traps,NA,Abundance,NA,NA,NA,Yes,Diet,NA,NA,
346,No_Enviro_Variable,NA,NA,Unspecified,NA,NA,Cropping,NA,Soybean,NA,North_America,USA,Temperate,Temperate_Forest,33.726972,-83.300917,Wetland,Grassland,Plant_Dwelling,Surface_Active,Flying_Community,Biodiversity_Ecosystem_Resilience,NA,Pitfall_trap,Sweep_Netting,Pan_trap,Abundance,NA,NA,NA,Yes,Trophic_Group,Specialised_Or_Not,NA,
347,Both,Proportion_Habitat,Flower_Abundance,Organic,Conventional,NA,Veg_Fruit_Ground,NA,Watermelon,Tomato,North_America,USA,Temperate,Temperate_Forest,NA,NA,Moist_Deciduous_Forest,Woodland,Hymenoptera,NA,NA,Pollination,NA,Visual,NA,NA,Insect_Flower_Interactions,Composition,NA,NA,Yes,Social_Behaviour,Nesting_Strategy,NA,
348,Landscape,Proportion_Habitat,NA,Organic,Conventional,NA,Orchid,NA,Almond_Orchid,NA,North_America,USA,Temperate,Temperate_Forest,38.7,-121.95,Riparian,Woodland,Hymenoptera,Diptera,Formicidae,Pollination,NA,Visual,NA,NA,Richness,Insect_Flower_Interactions,NA,NA,No,NA,NA,NA,
349,No_Enviro_Variable,NA,NA,Unspecified,NA,NA,Cropping,NA,Oilseed_Rape_Fields,NA,Asia,China,Tropical_Subtropical,Tropical_Subtropical_Forest,28.35,115.26,NA,NA,Hymenoptera,Lepidoptera,Diptera,Pollination,NA,Pan_trap,Exclusion,NA,Abundance,Diversity,NA,NA,No,NA,NA,NA,
350,Site,Flower_Abundance,NA,Unspecified,NA,NA,Veg_Fruit_Ground,NA,Blueberry,Cucurbits,North_America,USA,Temperate,Temperate_Forest,NA,NA,NA,NA,Hymenoptera,Plant_Dwelling,NA,Pollination,Biological_Control,Pitfall_trap,Sweep_Netting,Pan_trap,Richness,Abundance,Insect_Flower_Interactions,NA,Yes,Trophic_Group,NA,NA,
351,Site,Soil_Properties,NA,Commercial,NA,NA,Veg_Fruit_Ground,Cropping,Tomato,Cotton,North_America,USA,Mediterrane,Mediterrane,36.341389,-120.120556,NA,NA,Endogeic_Community,NA,NA,Decomp_Soil_Properties,NA,Soil_Monoliths,NA,NA,Abundance,Richness,Diversity,Composition,No,NA,NA,NA,
352,No_Enviro_Variable,NA,NA,Organic,NA,NA,Orchid,NA,Apple,NA,Europe,Switzerland,Temperate,Temperate_Forest,47.366667,8.283333,Moist_Deciduous_Forest,NA,Formicidae,Parasitoid,Coleoptera,Biological_Control,NA,Collected_Veg,Exclusion,NA,Parasitism,Density,NA,NA,No,NA,NA,NA,
353,Both,Proportion_Flowers,Habitat_Connectivity,Homegardens,NA,NA,Cropping,NA,Rice,NA,Asia,Philippines,Tropical_Subtropical,Tropical_Subtropical_Forest,16.9,121.05,Woodland,Moist_Montane_Forest,Hymenoptera,NA,NA,Pollination,NA,Visual,NA,NA,Abundance,Richness,Insect_Flower_Interactions,NA,No,NA,NA,NA,
354,No_Enviro_Variable,NA,NA,Conventional,NA,NA,Cropping,NA,Maize,Soybean,North_America,USA,Temperate,Temperate_Grasslands,40.079,-88.216,Woodland,NA,Formicidae,NA,NA,Natural_Enemies,NA,Pitfall_trap,Sentinel_Artificial_Prey,NA,Richness,Composition,Diversity,Predation_Rate,No,NA,NA,NA,Sentinal prey
